state,county,year,diabetes_prevalence,poverty_population,FIPS,LA1and10,LILATracts_1And10,is_rural
Alabama,Autauga,2019,6.8,54922.0,01001,,,1
Alabama,Autauga,2019,6.8,54922.0,01001,,,0
Alabama,Baldwin,2019,6.8,209618.0,01003,,,1
Alabama,Baldwin,2019,6.8,209618.0,01003,,,0
Alabama,Barbour,2019,6.8,22417.0,01005,,,1
Alabama,Barbour,2019,6.8,22417.0,01005,,,0
Alabama,Bibb,2019,6.8,20632.0,01007,,,1
Alabama,Bibb,2019,6.8,20632.0,01007,,,0
Alabama,Blount,2019,6.8,57108.0,01009,,,1
Alabama,Blount,2019,6.8,57108.0,01009,,,0
Alabama,Bullock,2019,6.8,9784.0,01011,,,1
Alabama,Bullock,2019,6.8,9784.0,01011,,,0
Alabama,Butler,2019,6.8,19540.0,01013,,,1
Alabama,Butler,2019,6.8,19540.0,01013,,,0
Alabama,Calhoun,2019,6.8,111542.0,01015,,,1
Alabama,Calhoun,2019,6.8,111542.0,01015,,,0
Alabama,Chambers,2019,6.8,33103.0,01017,,,1
Alabama,Chambers,2019,6.8,33103.0,01017,,,0
Alabama,Cherokee,2019,6.8,25571.0,01019,,,1
Alabama,Cherokee,2019,6.8,25571.0,01019,,,0
Alabama,Chilton,2019,6.8,43430.0,01021,,,1
Alabama,Chilton,2019,6.8,43430.0,01021,,,0
Alabama,Choctaw,2019,6.8,12712.0,01023,,,1
Alabama,Choctaw,2019,6.8,12712.0,01023,,,0
Alabama,Clarke,2019,6.8,23628.0,01025,,,1
Alabama,Clarke,2019,6.8,23628.0,01025,,,0
Alabama,Clay,2019,6.8,13049.0,01027,,,1
Alabama,Clay,2019,6.8,13049.0,01027,,,0
Alabama,Cleburne,2019,6.8,14644.0,01029,,,1
Alabama,Cleburne,2019,6.8,14644.0,01029,,,0
Alabama,Coffee,2019,6.8,50898.0,01031,,,1
Alabama,Coffee,2019,6.8,50898.0,01031,,,0
Alabama,Colbert,2019,6.8,54248.0,01033,,,1
Alabama,Colbert,2019,6.8,54248.0,01033,,,0
Alabama,Conecuh,2019,6.8,12283.0,01035,,,1
Alabama,Conecuh,2019,6.8,12283.0,01035,,,0
Alabama,Coosa,2019,6.8,10353.0,01037,,,1
Alabama,Coosa,2019,6.8,10353.0,01037,,,0
Alabama,Covington,2019,6.8,36348.0,01039,,,1
Alabama,Covington,2019,6.8,36348.0,01039,,,0
Alabama,Crenshaw,2019,6.8,13623.0,01041,,,1
Alabama,Crenshaw,2019,6.8,13623.0,01041,,,0
Alabama,Cullman,2019,6.8,81597.0,01043,,,1
Alabama,Cullman,2019,6.8,81597.0,01043,,,0
Alabama,Dale,2019,6.8,47739.0,01045,,,1
Alabama,Dale,2019,6.8,47739.0,01045,,,0
Alabama,Dallas,2019,6.8,38546.0,01047,,,1
Alabama,Dallas,2019,6.8,38546.0,01047,,,0
Alabama,Dekalb,2019,6.8,70355.0,01049,,,1
Alabama,Dekalb,2019,6.8,70355.0,01049,,,0
Alabama,Elmore,2019,6.8,76637.0,01051,,,1
Alabama,Elmore,2019,6.8,76637.0,01051,,,0
Alabama,Escambia,2019,6.8,34089.0,01053,,,1
Alabama,Escambia,2019,6.8,34089.0,01053,,,0
Alabama,Etowah,2019,6.8,101346.0,01055,,,1
Alabama,Etowah,2019,6.8,101346.0,01055,,,0
Alabama,Fayette,2019,6.8,16182.0,01057,,,1
Alabama,Fayette,2019,6.8,16182.0,01057,,,0
Alabama,Franklin,2019,6.8,30947.0,01059,,,1
Alabama,Franklin,2019,6.8,30947.0,01059,,,0
Alabama,Geneva,2019,6.8,26092.0,01061,,,1
Alabama,Geneva,2019,6.8,26092.0,01061,,,0
Alabama,Greene,2019,6.8,8242.0,01063,,,1
Alabama,Greene,2019,6.8,8242.0,01063,,,0
Alabama,Hale,2019,6.8,14565.0,01065,,,1
Alabama,Hale,2019,6.8,14565.0,01065,,,0
Alabama,Henry,2019,6.8,16752.0,01067,,,1
Alabama,Henry,2019,6.8,16752.0,01067,,,0
Alabama,Houston,2019,6.8,103568.0,01069,,,1
Alabama,Houston,2019,6.8,103568.0,01069,,,0
Alabama,Jackson,2019,6.8,51312.0,01071,,,1
Alabama,Jackson,2019,6.8,51312.0,01071,,,0
Alabama,Jefferson,2019,6.8,645406.0,01073,,,1
Alabama,Jefferson,2019,6.8,645406.0,01073,,,0
Alabama,Lamar,2019,6.8,13692.0,01075,,,1
Alabama,Lamar,2019,6.8,13692.0,01075,,,0
Alabama,Lauderdale,2019,6.8,90346.0,01077,,,1
Alabama,Lauderdale,2019,6.8,90346.0,01077,,,0
Alabama,Lawrence,2019,6.8,32753.0,01079,,,1
Alabama,Lawrence,2019,6.8,32753.0,01079,,,0
Alabama,Lee,2019,6.8,155265.0,01081,,,1
Alabama,Lee,2019,6.8,155265.0,01081,,,0
Alabama,Limestone,2019,6.8,91626.0,01083,,,1
Alabama,Limestone,2019,6.8,91626.0,01083,,,0
Alabama,Lowndes,2019,6.8,9936.0,01085,,,1
Alabama,Lowndes,2019,6.8,9936.0,01085,,,0
Alabama,Macon,2019,6.8,16359.0,01087,,,1
Alabama,Macon,2019,6.8,16359.0,01087,,,0
Alabama,Madison,2019,6.8,352884.0,01089,,,1
Alabama,Madison,2019,6.8,352884.0,01089,,,0
Alabama,Marengo,2019,6.8,19056.0,01091,,,1
Alabama,Marengo,2019,6.8,19056.0,01091,,,0
Alabama,Marion,2019,6.8,29386.0,01093,,,1
Alabama,Marion,2019,6.8,29386.0,01093,,,0
Alabama,Marshall,2019,6.8,94283.0,01095,,,1
Alabama,Marshall,2019,6.8,94283.0,01095,,,0
Alabama,Mobile,2019,6.8,406137.0,01097,,,1
Alabama,Mobile,2019,6.8,406137.0,01097,,,0
Alabama,Monroe,2019,6.8,21004.0,01099,,,1
Alabama,Monroe,2019,6.8,21004.0,01099,,,0
Alabama,Montgomery,2019,6.8,219309.0,01101,,,1
Alabama,Montgomery,2019,6.8,219309.0,01101,,,0
Alabama,Morgan,2019,6.8,117005.0,01103,,,1
Alabama,Morgan,2019,6.8,117005.0,01103,,,0
Alabama,Perry,2019,6.8,8468.0,01105,,,1
Alabama,Perry,2019,6.8,8468.0,01105,,,0
Alabama,Pickens,2019,6.8,18506.0,01107,,,1
Alabama,Pickens,2019,6.8,18506.0,01107,,,0
Alabama,Pike,2019,6.8,31521.0,01109,,,1
Alabama,Pike,2019,6.8,31521.0,01109,,,0
Alabama,Randolph,2019,6.8,22139.0,01111,,,1
Alabama,Randolph,2019,6.8,22139.0,01111,,,0
Alabama,Russell,2019,6.8,56885.0,01113,,,1
Alabama,Russell,2019,6.8,56885.0,01113,,,0
Alabama,Shelby,2019,6.8,210328.0,01117,,,1
Alabama,Shelby,2019,6.8,210328.0,01117,,,0
Alabama,St. Clair,2019,6.8,85875.0,01115,,,1
Alabama,St. Clair,2019,6.8,85875.0,01115,,,0
Alabama,Sumter,2019,6.8,11907.0,01119,,,1
Alabama,Sumter,2019,6.8,11907.0,01119,,,0
Alabama,Talladega,2019,6.8,76886.0,01121,,,1
Alabama,Talladega,2019,6.8,76886.0,01121,,,0
Alabama,Tallapoosa,2019,6.8,39978.0,01123,,,1
Alabama,Tallapoosa,2019,6.8,39978.0,01123,,,0
Alabama,Tuscaloosa,2019,6.8,196790.0,01125,,,1
Alabama,Tuscaloosa,2019,6.8,196790.0,01125,,,0
Alabama,Walker,2019,6.8,63036.0,01127,,,1
Alabama,Walker,2019,6.8,63036.0,01127,,,0
Alabama,Washington,2019,6.8,16342.0,01129,,,1
Alabama,Washington,2019,6.8,16342.0,01129,,,0
Alabama,Wilcox,2019,6.8,10352.0,01131,,,1
Alabama,Wilcox,2019,6.8,10352.0,01131,,,0
Alabama,Winston,2019,6.8,23406.0,01133,,,1
Alabama,Winston,2019,6.8,23406.0,01133,,,0
Delaware,Kent,2019,15.5,171048.0,10001,,,1
Delaware,Kent,2019,15.5,171048.0,10001,,,0
Delaware,New Castle,2019,15.5,539034.0,10003,,,1
Delaware,New Castle,2019,15.5,539034.0,10003,,,0
Delaware,Sussex,2019,15.5,220682.0,10005,,,1
Delaware,Sussex,2019,15.5,220682.0,10005,,,0
District Of Columbia,District Of Columbia,2019,15.9,659676.0,11001,,,1
District Of Columbia,District Of Columbia,2019,15.9,659676.0,11001,,,0
Indiana,Adams,2021,16.7,34673.0,18001,,,1
Indiana,Adams,2021,16.7,34673.0,18001,,,0
Indiana,Allen,2021,16.7,366401.0,18003,,,1
Indiana,Allen,2021,16.7,366401.0,18003,,,0
Indiana,Bartholomew,2021,16.7,81340.0,18005,,,1
Indiana,Bartholomew,2021,16.7,81340.0,18005,,,0
Indiana,Benton,2021,16.7,8574.0,18007,,,1
Indiana,Benton,2021,16.7,8574.0,18007,,,0
Indiana,Blackford,2021,16.7,11808.0,18009,,,1
Indiana,Blackford,2021,16.7,11808.0,18009,,,0
Indiana,Boone,2021,16.7,64662.0,18011,,,1
Indiana,Boone,2021,16.7,64662.0,18011,,,0
Indiana,Brown,2021,16.7,14858.0,18013,,,1
Indiana,Brown,2021,16.7,14858.0,18013,,,0
Indiana,Carroll,2021,16.7,19859.0,18015,,,1
Indiana,Carroll,2021,16.7,19859.0,18015,,,0
Indiana,Cass,2021,16.7,36777.0,18017,,,1
Indiana,Cass,2021,16.7,36777.0,18017,,,0
Indiana,Clark,2021,16.7,114572.0,18019,,,1
Indiana,Clark,2021,16.7,114572.0,18019,,,0
Indiana,Clay,2021,16.7,25465.0,18021,,,1
Indiana,Clay,2021,16.7,25465.0,18021,,,0
Indiana,Clinton,2021,16.7,31415.0,18023,,,1
Indiana,Clinton,2021,16.7,31415.0,18023,,,0
Indiana,Crawford,2021,16.7,10363.0,18025,,,1
Indiana,Crawford,2021,16.7,10363.0,18025,,,0
Indiana,Daviess,2021,16.7,32556.0,18027,,,1
Indiana,Daviess,2021,16.7,32556.0,18027,,,0
Indiana,Dearborn,2021,16.7,48744.0,18029,,,1
Indiana,Dearborn,2021,16.7,48744.0,18029,,,0
Indiana,Decatur,2021,16.7,26023.0,18031,,,1
Indiana,Decatur,2021,16.7,26023.0,18031,,,0
Indiana,Dekalb,2021,16.7,42485.0,18033,,,1
Indiana,Dekalb,2021,16.7,42485.0,18033,,,0
Indiana,Delaware,2021,16.7,107758.0,18035,,,1
Indiana,Delaware,2021,16.7,107758.0,18035,,,0
Indiana,Dubois,2021,16.7,41649.0,18037,,,1
Indiana,Dubois,2021,16.7,41649.0,18037,,,0
Indiana,Elkhart,2021,16.7,200909.0,18039,,,1
Indiana,Elkhart,2021,16.7,200909.0,18039,,,0
Indiana,Fayette,2021,16.7,22811.0,18041,,,1
Indiana,Fayette,2021,16.7,22811.0,18041,,,0
Indiana,Floyd,2021,16.7,75690.0,18043,,,1
Indiana,Floyd,2021,16.7,75690.0,18043,,,0
Indiana,Fountain,2021,16.7,16203.0,18045,,,1
Indiana,Fountain,2021,16.7,16203.0,18045,,,0
Indiana,Franklin,2021,16.7,22687.0,18047,,,1
Indiana,Franklin,2021,16.7,22687.0,18047,,,0
Indiana,Fulton,2021,16.7,19688.0,18049,,,1
Indiana,Fulton,2021,16.7,19688.0,18049,,,0
Indiana,Gibson,2021,16.7,32769.0,18051,,,1
Indiana,Gibson,2021,16.7,32769.0,18051,,,0
Indiana,Grant,2021,16.7,60861.0,18053,,,1
Indiana,Grant,2021,16.7,60861.0,18053,,,0
Indiana,Greene,2021,16.7,31730.0,18055,,,1
Indiana,Greene,2021,16.7,31730.0,18055,,,0
Indiana,Hamilton,2021,16.7,321126.0,18057,,,1
Indiana,Hamilton,2021,16.7,321126.0,18057,,,0
Indiana,Hancock,2021,16.7,74293.0,18059,,,1
Indiana,Hancock,2021,16.7,74293.0,18059,,,0
Indiana,Harrison,2021,16.7,39343.0,18061,,,1
Indiana,Harrison,2021,16.7,39343.0,18061,,,0
Indiana,Hendricks,2021,16.7,160276.0,18063,,,1
Indiana,Hendricks,2021,16.7,160276.0,18063,,,0
Indiana,Henry,2021,16.7,44740.0,18065,,,1
Indiana,Henry,2021,16.7,44740.0,18065,,,0
Indiana,Howard,2021,16.7,80868.0,18067,,,1
Indiana,Howard,2021,16.7,80868.0,18067,,,0
Indiana,Huntington,2021,16.7,34942.0,18069,,,1
Indiana,Huntington,2021,16.7,34942.0,18069,,,0
Indiana,Jackson,2021,16.7,42849.0,18071,,,1
Indiana,Jackson,2021,16.7,42849.0,18071,,,0
Indiana,Jasper,2021,16.7,32404.0,18073,,,1
Indiana,Jasper,2021,16.7,32404.0,18073,,,0
Indiana,Jay,2021,16.7,20475.0,18075,,,1
Indiana,Jay,2021,16.7,20475.0,18075,,,0
Indiana,Jefferson,2021,16.7,29674.0,18077,,,1
Indiana,Jefferson,2021,16.7,29674.0,18077,,,0
Indiana,Jennings,2021,16.7,27350.0,18079,,,1
Indiana,Jennings,2021,16.7,27350.0,18079,,,0
Indiana,Johnson,2021,16.7,150832.0,18081,,,1
Indiana,Johnson,2021,16.7,150832.0,18081,,,0
Indiana,Knox,2021,16.7,34676.0,18083,,,1
Indiana,Knox,2021,16.7,34676.0,18083,,,0
Indiana,Kosciusko,2021,16.7,77232.0,18085,,,1
Indiana,Kosciusko,2021,16.7,77232.0,18085,,,0
Indiana,Lagrange,2021,16.7,38825.0,18087,,,1
Indiana,Lagrange,2021,16.7,38825.0,18087,,,0
Indiana,Lake,2021,16.7,479398.0,18089,,,1
Indiana,Lake,2021,16.7,479398.0,18089,,,0
Indiana,Laporte,2021,16.7,101967.0,18091,,,1
Indiana,Laporte,2021,16.7,101967.0,18091,,,0
Indiana,Lawrence,2021,16.7,44695.0,18093,,,1
Indiana,Lawrence,2021,16.7,44695.0,18093,,,0
Indiana,Madison,2021,16.7,123020.0,18095,,,1
Indiana,Madison,2021,16.7,123020.0,18095,,,0
Indiana,Marion,2021,16.7,932652.0,18097,,,1
Indiana,Marion,2021,16.7,932652.0,18097,,,0
Indiana,Marshall,2021,16.7,45608.0,18099,,,1
Indiana,Marshall,2021,16.7,45608.0,18099,,,0
Indiana,Martin,2021,16.7,9884.0,18101,,,1
Indiana,Martin,2021,16.7,9884.0,18101,,,0
Indiana,Miami,2021,16.7,33444.0,18103,,,1
Indiana,Miami,2021,16.7,33444.0,18103,,,0
Indiana,Monroe,2021,16.7,130635.0,18105,,,1
Indiana,Monroe,2021,16.7,130635.0,18105,,,0
Indiana,Montgomery,2021,16.7,36709.0,18107,,,1
Indiana,Montgomery,2021,16.7,36709.0,18107,,,0
Indiana,Morgan,2021,16.7,68534.0,18109,,,1
Indiana,Morgan,2021,16.7,68534.0,18109,,,0
Indiana,Newton,2021,16.7,13738.0,18111,,,1
Indiana,Newton,2021,16.7,13738.0,18111,,,0
Indiana,Noble,2021,16.7,46413.0,18113,,,1
Indiana,Noble,2021,16.7,46413.0,18113,,,0
Indiana,Ohio,2021,16.7,5763.0,18115,,,1
Indiana,Ohio,2021,16.7,5763.0,18115,,,0
Indiana,Orange,2021,16.7,19186.0,18117,,,1
Indiana,Orange,2021,16.7,19186.0,18117,,,0
Indiana,Owen,2021,16.7,20489.0,18119,,,1
Indiana,Owen,2021,16.7,20489.0,18119,,,0
Indiana,Parke,2021,16.7,15461.0,18121,,,1
Indiana,Parke,2021,16.7,15461.0,18121,,,0
Indiana,Perry,2021,16.7,17325.0,18123,,,1
Indiana,Perry,2021,16.7,17325.0,18123,,,0
Indiana,Pike,2021,16.7,12086.0,18125,,,1
Indiana,Pike,2021,16.7,12086.0,18125,,,0
Indiana,Porter,2021,16.7,164372.0,18127,,,1
Indiana,Porter,2021,16.7,164372.0,18127,,,0
Indiana,Posey,2021,16.7,25248.0,18129,,,1
Indiana,Posey,2021,16.7,25248.0,18129,,,0
Indiana,Pulaski,2021,16.7,12422.0,18131,,,1
Indiana,Pulaski,2021,16.7,12422.0,18131,,,0
Indiana,Putnam,2021,16.7,31914.0,18133,,,1
Indiana,Putnam,2021,16.7,31914.0,18133,,,0
Indiana,Randolph,2021,16.7,24466.0,18135,,,1
Indiana,Randolph,2021,16.7,24466.0,18135,,,0
Indiana,Ripley,2021,16.7,27890.0,18137,,,1
Indiana,Ripley,2021,16.7,27890.0,18137,,,0
Indiana,Rush,2021,16.7,16348.0,18139,,,1
Indiana,Rush,2021,16.7,16348.0,18139,,,0
Indiana,Scott,2021,16.7,23257.0,18143,,,1
Indiana,Scott,2021,16.7,23257.0,18143,,,0
Indiana,Shelby,2021,16.7,43556.0,18145,,,1
Indiana,Shelby,2021,16.7,43556.0,18145,,,0
Indiana,Spencer,2021,16.7,20127.0,18147,,,1
Indiana,Spencer,2021,16.7,20127.0,18147,,,0
Indiana,St. Joseph,2021,16.7,257889.0,18141,,,1
Indiana,St. Joseph,2021,16.7,257889.0,18141,,,0
Indiana,Starke,2021,16.7,22825.0,18149,,,1
Indiana,Starke,2021,16.7,22825.0,18149,,,0
Indiana,Steuben,2021,16.7,32823.0,18151,,,1
Indiana,Steuben,2021,16.7,32823.0,18151,,,0
Indiana,Sullivan,2021,16.7,18405.0,18153,,,1
Indiana,Sullivan,2021,16.7,18405.0,18153,,,0
Indiana,Switzerland,2021,16.7,10567.0,18155,,,1
Indiana,Switzerland,2021,16.7,10567.0,18155,,,0
Indiana,Tippecanoe,2021,16.7,174497.0,18157,,,1
Indiana,Tippecanoe,2021,16.7,174497.0,18157,,,0
Indiana,Tipton,2021,16.7,14877.0,18159,,,1
Indiana,Tipton,2021,16.7,14877.0,18159,,,0
Indiana,Union,2021,16.7,6953.0,18161,,,1
Indiana,Union,2021,16.7,6953.0,18161,,,0
Indiana,Vanderburgh,2021,16.7,174643.0,18163,,,1
Indiana,Vanderburgh,2021,16.7,174643.0,18163,,,0
Indiana,Vermillion,2021,16.7,15252.0,18165,,,1
Indiana,Vermillion,2021,16.7,15252.0,18165,,,0
Indiana,Vigo,2021,16.7,98730.0,18167,,,1
Indiana,Vigo,2021,16.7,98730.0,18167,,,0
Indiana,Wabash,2021,16.7,29385.0,18169,,,1
Indiana,Wabash,2021,16.7,29385.0,18169,,,0
Indiana,Warren,2021,16.7,8058.0,18171,,,1
Indiana,Warren,2021,16.7,8058.0,18171,,,0
Indiana,Warrick,2021,16.7,61153.0,18173,,,1
Indiana,Warrick,2021,16.7,61153.0,18173,,,0
Indiana,Washington,2021,16.7,27546.0,18175,,,1
Indiana,Washington,2021,16.7,27546.0,18175,,,0
Indiana,Wayne,2021,16.7,63523.0,18177,,,1
Indiana,Wayne,2021,16.7,63523.0,18177,,,0
Indiana,Wells,2021,16.7,27346.0,18179,,,1
Indiana,Wells,2021,16.7,27346.0,18179,,,0
Indiana,White,2021,16.7,23801.0,18181,,,1
Indiana,White,2021,16.7,23801.0,18181,,,0
Indiana,Whitley,2021,16.7,33274.0,18183,,,1
Indiana,Whitley,2021,16.7,33274.0,18183,,,0
Iowa,Adair,2019,11.6,6933.0,19001,,,1
Iowa,Adair,2019,11.6,6933.0,19001,,,0
Iowa,Adams,2019,11.6,3608.0,19003,,,1
Iowa,Adams,2019,11.6,3608.0,19003,,,0
Iowa,Allamakee,2019,11.6,13489.0,19005,,,1
Iowa,Allamakee,2019,11.6,13489.0,19005,,,0
Iowa,Appanoose,2019,11.6,12294.0,19007,,,1
Iowa,Appanoose,2019,11.6,12294.0,19007,,,0
Iowa,Audubon,2019,11.6,5417.0,19009,,,1
Iowa,Audubon,2019,11.6,5417.0,19009,,,0
Iowa,Benton,2019,11.6,25156.0,19011,,,1
Iowa,Benton,2019,11.6,25156.0,19011,,,0
Iowa,Black Hawk,2019,11.6,127289.0,19013,,,1
Iowa,Black Hawk,2019,11.6,127289.0,19013,,,0
Iowa,Boone,2019,11.6,25917.0,19015,,,1
Iowa,Boone,2019,11.6,25917.0,19015,,,0
Iowa,Bremer,2019,11.6,23348.0,19017,,,1
Iowa,Bremer,2019,11.6,23348.0,19017,,,0
Iowa,Buchanan,2019,11.6,20845.0,19019,,,1
Iowa,Buchanan,2019,11.6,20845.0,19019,,,0
Iowa,Buena Vista,2019,11.6,19037.0,19021,,,1
Iowa,Buena Vista,2019,11.6,19037.0,19021,,,0
Iowa,Butler,2019,11.6,14344.0,19023,,,1
Iowa,Butler,2019,11.6,14344.0,19023,,,0
Iowa,Calhoun,2019,11.6,9016.0,19025,,,1
Iowa,Calhoun,2019,11.6,9016.0,19025,,,0
Iowa,Carroll,2019,11.6,19897.0,19027,,,1
Iowa,Carroll,2019,11.6,19897.0,19027,,,0
Iowa,Cass,2019,11.6,12827.0,19029,,,1
Iowa,Cass,2019,11.6,12827.0,19029,,,0
Iowa,Cedar,2019,11.6,18152.0,19031,,,1
Iowa,Cedar,2019,11.6,18152.0,19031,,,0
Iowa,Cerro Gordo,2019,11.6,41906.0,19033,,,1
Iowa,Cerro Gordo,2019,11.6,41906.0,19033,,,0
Iowa,Cherokee,2019,11.6,10822.0,19035,,,1
Iowa,Cherokee,2019,11.6,10822.0,19035,,,0
Iowa,Chickasaw,2019,11.6,11846.0,19037,,,1
Iowa,Chickasaw,2019,11.6,11846.0,19037,,,0
Iowa,Clarke,2019,11.6,9115.0,19039,,,1
Iowa,Clarke,2019,11.6,9115.0,19039,,,0
Iowa,Clay,2019,11.6,15879.0,19041,,,1
Iowa,Clay,2019,11.6,15879.0,19041,,,0
Iowa,Clayton,2019,11.6,17292.0,19043,,,1
Iowa,Clayton,2019,11.6,17292.0,19043,,,0
Iowa,Clinton,2019,11.6,45776.0,19045,,,1
Iowa,Clinton,2019,11.6,45776.0,19045,,,0
Iowa,Crawford,2019,11.6,16826.0,19047,,,1
Iowa,Crawford,2019,11.6,16826.0,19047,,,0
Iowa,Dallas,2019,11.6,86583.0,19049,,,1
Iowa,Dallas,2019,11.6,86583.0,19049,,,0
Iowa,Davis,2019,11.6,8783.0,19051,,,1
Iowa,Davis,2019,11.6,8783.0,19051,,,0
Iowa,Decatur,2019,11.6,7224.0,19053,,,1
Iowa,Decatur,2019,11.6,7224.0,19053,,,0
Iowa,Delaware,2019,11.6,16983.0,19055,,,1
Iowa,Delaware,2019,11.6,16983.0,19055,,,0
Iowa,Des Moines,2019,11.6,38562.0,19057,,,1
Iowa,Des Moines,2019,11.6,38562.0,19057,,,0
Iowa,Dickinson,2019,11.6,16902.0,19059,,,1
Iowa,Dickinson,2019,11.6,16902.0,19059,,,0
Iowa,Dubuque,2019,11.6,93255.0,19061,,,1
Iowa,Dubuque,2019,11.6,93255.0,19061,,,0
Iowa,Emmet,2019,11.6,8497.0,19063,,,1
Iowa,Emmet,2019,11.6,8497.0,19063,,,0
Iowa,Fayette,2019,11.6,19132.0,19065,,,1
Iowa,Fayette,2019,11.6,19132.0,19065,,,0
Iowa,Floyd,2019,11.6,15566.0,19067,,,1
Iowa,Floyd,2019,11.6,15566.0,19067,,,0
Iowa,Franklin,2019,11.6,9980.0,19069,,,1
Iowa,Franklin,2019,11.6,9980.0,19069,,,0
Iowa,Fremont,2019,11.6,6760.0,19071,,,1
Iowa,Fremont,2019,11.6,6760.0,19071,,,0
Iowa,Greene,2019,11.6,8827.0,19073,,,1
Iowa,Greene,2019,11.6,8827.0,19073,,,0
Iowa,Grundy,2019,11.6,12097.0,19075,,,1
Iowa,Grundy,2019,11.6,12097.0,19075,,,0
Iowa,Guthrie,2019,11.6,10532.0,19077,,,1
Iowa,Guthrie,2019,11.6,10532.0,19077,,,0
Iowa,Hamilton,2019,11.6,14802.0,19079,,,1
Iowa,Hamilton,2019,11.6,14802.0,19079,,,0
Iowa,Hancock,2019,11.6,10601.0,19081,,,1
Iowa,Hancock,2019,11.6,10601.0,19081,,,0
Iowa,Hardin,2019,11.6,16209.0,19083,,,1
Iowa,Hardin,2019,11.6,16209.0,19083,,,0
Iowa,Harrison,2019,11.6,13795.0,19085,,,1
Iowa,Harrison,2019,11.6,13795.0,19085,,,0
Iowa,Henry,2019,11.6,18410.0,19087,,,1
Iowa,Henry,2019,11.6,18410.0,19087,,,0
Iowa,Howard,2019,11.6,8994.0,19089,,,1
Iowa,Howard,2019,11.6,8994.0,19089,,,0
Iowa,Humboldt,2019,11.6,9419.0,19091,,,1
Iowa,Humboldt,2019,11.6,9419.0,19091,,,0
Iowa,Ida,2019,11.6,6741.0,19093,,,1
Iowa,Ida,2019,11.6,6741.0,19093,,,0
Iowa,Iowa,2019,11.6,15876.0,19095,,,1
Iowa,Iowa,2019,11.6,15876.0,19095,,,0
Iowa,Jackson,2019,11.6,19092.0,19097,,,1
Iowa,Jackson,2019,11.6,19092.0,19097,,,0
Iowa,Jasper,2019,11.6,35254.0,19099,,,1
Iowa,Jasper,2019,11.6,35254.0,19099,,,0
Iowa,Jefferson,2019,11.6,17267.0,19101,,,1
Iowa,Jefferson,2019,11.6,17267.0,19101,,,0
Iowa,Johnson,2019,11.6,140737.0,19103,,,1
Iowa,Johnson,2019,11.6,140737.0,19103,,,0
Iowa,Jones,2019,11.6,19416.0,19105,,,1
Iowa,Jones,2019,11.6,19416.0,19105,,,0
Iowa,Keokuk,2019,11.6,10042.0,19107,,,1
Iowa,Keokuk,2019,11.6,10042.0,19107,,,0
Iowa,Kossuth,2019,11.6,14727.0,19109,,,1
Iowa,Kossuth,2019,11.6,14727.0,19109,,,0
Iowa,Lee,2019,11.6,32845.0,19111,,,1
Iowa,Lee,2019,11.6,32845.0,19111,,,0
Iowa,Linn,2019,11.6,218281.0,19113,,,1
Iowa,Linn,2019,11.6,218281.0,19113,,,0
Iowa,Louisa,2019,11.6,11039.0,19115,,,1
Iowa,Louisa,2019,11.6,11039.0,19115,,,0
Iowa,Lucas,2019,11.6,8399.0,19117,,,1
Iowa,Lucas,2019,11.6,8399.0,19117,,,0
Iowa,Lyon,2019,11.6,11605.0,19119,,,1
Iowa,Lyon,2019,11.6,11605.0,19119,,,0
Iowa,Madison,2019,11.6,15791.0,19121,,,1
Iowa,Madison,2019,11.6,15791.0,19121,,,0
Iowa,Mahaska,2019,11.6,21567.0,19123,,,1
Iowa,Mahaska,2019,11.6,21567.0,19123,,,0
Iowa,Marion,2019,11.6,31593.0,19125,,,1
Iowa,Marion,2019,11.6,31593.0,19125,,,0
Iowa,Marshall,2019,11.6,38675.0,19127,,,1
Iowa,Marshall,2019,11.6,38675.0,19127,,,0
Iowa,Mills,2019,11.6,14815.0,19129,,,1
Iowa,Mills,2019,11.6,14815.0,19129,,,0
Iowa,Mitchell,2019,11.6,10354.0,19131,,,1
Iowa,Mitchell,2019,11.6,10354.0,19131,,,0
Iowa,Monona,2019,11.6,8511.0,19133,,,1
Iowa,Monona,2019,11.6,8511.0,19133,,,0
Iowa,Monroe,2019,11.6,7681.0,19135,,,1
Iowa,Monroe,2019,11.6,7681.0,19135,,,0
Iowa,Montgomery,2019,11.6,9850.0,19137,,,1
Iowa,Montgomery,2019,11.6,9850.0,19137,,,0
Iowa,Muscatine,2019,11.6,42090.0,19139,,,1
Iowa,Muscatine,2019,11.6,42090.0,19139,,,0
Iowa,O'Brien,2019,11.6,13500.0,19141,,,1
Iowa,O'Brien,2019,11.6,13500.0,19141,,,0
Iowa,Osceola,2019,11.6,5946.0,19143,,,1
Iowa,Osceola,2019,11.6,5946.0,19143,,,0
Iowa,Page,2019,11.6,14141.0,19145,,,1
Iowa,Page,2019,11.6,14141.0,19145,,,0
Iowa,Palo Alto,2019,11.6,8665.0,19147,,,1
Iowa,Palo Alto,2019,11.6,8665.0,19147,,,0
Iowa,Plymouth,2019,11.6,24714.0,19149,,,1
Iowa,Plymouth,2019,11.6,24714.0,19149,,,0
Iowa,Pocahontas,2019,11.6,6641.0,19151,,,1
Iowa,Pocahontas,2019,11.6,6641.0,19151,,,0
Iowa,Polk,2019,11.6,471026.0,19153,,,1
Iowa,Polk,2019,11.6,471026.0,19153,,,0
Iowa,Pottawattamie,2019,11.6,91022.0,19155,,,1
Iowa,Pottawattamie,2019,11.6,91022.0,19155,,,0
Iowa,Poweshiek,2019,11.6,16670.0,19157,,,1
Iowa,Poweshiek,2019,11.6,16670.0,19157,,,0
Iowa,Ringgold,2019,11.6,4747.0,19159,,,1
Iowa,Ringgold,2019,11.6,4747.0,19159,,,0
Iowa,Sac,2019,11.6,9590.0,19161,,,1
Iowa,Sac,2019,11.6,9590.0,19161,,,0
Iowa,Scott,2019,11.6,168966.0,19163,,,1
Iowa,Scott,2019,11.6,168966.0,19163,,,0
Iowa,Shelby,2019,11.6,11379.0,19165,,,1
Iowa,Shelby,2019,11.6,11379.0,19165,,,0
Iowa,Sioux,2019,11.6,32514.0,19167,,,1
Iowa,Sioux,2019,11.6,32514.0,19167,,,0
Iowa,Story,2019,11.6,86072.0,19169,,,1
Iowa,Story,2019,11.6,86072.0,19169,,,0
Iowa,Tama,2019,11.6,16526.0,19171,,,1
Iowa,Tama,2019,11.6,16526.0,19171,,,0
Iowa,Taylor,2019,11.6,6036.0,19173,,,1
Iowa,Taylor,2019,11.6,6036.0,19173,,,0
Iowa,Union,2019,11.6,12089.0,19175,,,1
Iowa,Union,2019,11.6,12089.0,19175,,,0
Iowa,Van Buren,2019,11.6,7066.0,19177,,,1
Iowa,Van Buren,2019,11.6,7066.0,19177,,,0
Iowa,Wapello,2019,11.6,34348.0,19179,,,1
Iowa,Wapello,2019,11.6,34348.0,19179,,,0
Iowa,Warren,2019,11.6,48163.0,19181,,,1
Iowa,Warren,2019,11.6,48163.0,19181,,,0
Iowa,Washington,2019,11.6,21709.0,19183,,,1
Iowa,Washington,2019,11.6,21709.0,19183,,,0
Iowa,Wayne,2019,11.6,6313.0,19185,,,1
Iowa,Wayne,2019,11.6,6313.0,19185,,,0
Iowa,Webster,2019,11.6,33714.0,19187,,,1
Iowa,Webster,2019,11.6,33714.0,19187,,,0
Iowa,Winnebago,2019,11.6,9860.0,19189,,,1
Iowa,Winnebago,2019,11.6,9860.0,19189,,,0
Iowa,Winneshiek,2019,11.6,18014.0,19191,,,1
Iowa,Winneshiek,2019,11.6,18014.0,19191,,,0
Iowa,Woodbury,2019,11.6,99792.0,19193,,,1
Iowa,Woodbury,2019,11.6,99792.0,19193,,,0
Iowa,Worth,2019,11.6,7270.0,19195,,,1
Iowa,Worth,2019,11.6,7270.0,19195,,,0
Iowa,Wright,2019,11.6,12499.0,19197,,,1
Iowa,Wright,2019,11.6,12499.0,19197,,,0
Kentucky,Adair,2020,14.4,17791.0,21001,,,1
Kentucky,Adair,2020,14.4,17791.0,21001,,,0
Kentucky,Allen,2020,14.4,20655.0,21003,,,1
Kentucky,Allen,2020,14.4,20655.0,21003,,,0
Kentucky,Anderson,2020,14.4,22171.0,21005,,,1
Kentucky,Anderson,2020,14.4,22171.0,21005,,,0
Kentucky,Ballard,2020,14.4,7891.0,21007,,,1
Kentucky,Ballard,2020,14.4,7891.0,21007,,,0
Kentucky,Barren,2020,14.4,42803.0,21009,,,1
Kentucky,Barren,2020,14.4,42803.0,21009,,,0
Kentucky,Bath,2020,14.4,12232.0,21011,,,1
Kentucky,Bath,2020,14.4,12232.0,21011,,,0
Kentucky,Bell,2020,14.4,25965.0,21013,,,1
Kentucky,Bell,2020,14.4,25965.0,21013,,,0
Kentucky,Boone,2020,14.4,129192.0,21015,,,1
Kentucky,Boone,2020,14.4,129192.0,21015,,,0
Kentucky,Bourbon,2020,14.4,19655.0,21017,,,1
Kentucky,Bourbon,2020,14.4,19655.0,21017,,,0
Kentucky,Boyd,2020,14.4,45701.0,21019,,,1
Kentucky,Boyd,2020,14.4,45701.0,21019,,,0
Kentucky,Boyle,2020,14.4,26694.0,21021,,,1
Kentucky,Boyle,2020,14.4,26694.0,21021,,,0
Kentucky,Bracken,2020,14.4,8204.0,21023,,,1
Kentucky,Bracken,2020,14.4,8204.0,21023,,,0
Kentucky,Breathitt,2020,14.4,12686.0,21025,,,1
Kentucky,Breathitt,2020,14.4,12686.0,21025,,,0
Kentucky,Breckinridge,2020,14.4,19798.0,21027,,,1
Kentucky,Breckinridge,2020,14.4,19798.0,21027,,,0
Kentucky,Bullitt,2020,14.4,79391.0,21029,,,1
Kentucky,Bullitt,2020,14.4,79391.0,21029,,,0
Kentucky,Butler,2020,14.4,12500.0,21031,,,1
Kentucky,Butler,2020,14.4,12500.0,21031,,,0
Kentucky,Caldwell,2020,14.4,12587.0,21033,,,1
Kentucky,Caldwell,2020,14.4,12587.0,21033,,,0
Kentucky,Calloway,2020,14.4,35042.0,21035,,,1
Kentucky,Calloway,2020,14.4,35042.0,21035,,,0
Kentucky,Campbell,2020,14.4,89468.0,21037,,,1
Kentucky,Campbell,2020,14.4,89468.0,21037,,,0
Kentucky,Carlisle,2020,14.4,4725.0,21039,,,1
Kentucky,Carlisle,2020,14.4,4725.0,21039,,,0
Kentucky,Carroll,2020,14.4,10276.0,21041,,,1
Kentucky,Carroll,2020,14.4,10276.0,21041,,,0
Kentucky,Carter,2020,14.4,26333.0,21043,,,1
Kentucky,Carter,2020,14.4,26333.0,21043,,,0
Kentucky,Casey,2020,14.4,15455.0,21045,,,1
Kentucky,Casey,2020,14.4,15455.0,21045,,,0
Kentucky,Christian,2020,14.4,64512.0,21047,,,1
Kentucky,Christian,2020,14.4,64512.0,21047,,,0
Kentucky,Clark,2020,14.4,35324.0,21049,,,1
Kentucky,Clark,2020,14.4,35324.0,21049,,,0
Kentucky,Clay,2020,14.4,18963.0,21051,,,1
Kentucky,Clay,2020,14.4,18963.0,21051,,,0
Kentucky,Clinton,2020,14.4,10037.0,21053,,,1
Kentucky,Clinton,2020,14.4,10037.0,21053,,,0
Kentucky,Crittenden,2020,14.4,8683.0,21055,,,1
Kentucky,Crittenden,2020,14.4,8683.0,21055,,,0
Kentucky,Cumberland,2020,14.4,6580.0,21057,,,1
Kentucky,Cumberland,2020,14.4,6580.0,21057,,,0
Kentucky,Daviess,2020,14.4,97565.0,21059,,,1
Kentucky,Daviess,2020,14.4,97565.0,21059,,,0
Kentucky,Edmonson,2020,14.4,12009.0,21061,,,1
Kentucky,Edmonson,2020,14.4,12009.0,21061,,,0
Kentucky,Elliott,2020,14.4,5913.0,21063,,,1
Kentucky,Elliott,2020,14.4,5913.0,21063,,,0
Kentucky,Estill,2020,14.4,14083.0,21065,,,1
Kentucky,Estill,2020,14.4,14083.0,21065,,,0
Kentucky,Fayette,2020,14.4,307645.0,21067,,,1
Kentucky,Fayette,2020,14.4,307645.0,21067,,,0
Kentucky,Fleming,2020,14.4,14462.0,21069,,,1
Kentucky,Fleming,2020,14.4,14462.0,21069,,,0
Kentucky,Floyd,2020,14.4,35781.0,21071,,,1
Kentucky,Floyd,2020,14.4,35781.0,21071,,,0
Kentucky,Franklin,2020,14.4,48677.0,21073,,,1
Kentucky,Franklin,2020,14.4,48677.0,21073,,,0
Kentucky,Fulton,2020,14.4,5680.0,21075,,,1
Kentucky,Fulton,2020,14.4,5680.0,21075,,,0
Kentucky,Gallatin,2020,14.4,8503.0,21077,,,1
Kentucky,Gallatin,2020,14.4,8503.0,21077,,,0
Kentucky,Garrard,2020,14.4,17244.0,21079,,,1
Kentucky,Garrard,2020,14.4,17244.0,21079,,,0
Kentucky,Grant,2020,14.4,24466.0,21081,,,1
Kentucky,Grant,2020,14.4,24466.0,21081,,,0
Kentucky,Graves,2020,14.4,36557.0,21083,,,1
Kentucky,Graves,2020,14.4,36557.0,21083,,,0
Kentucky,Grayson,2020,14.4,25909.0,21085,,,1
Kentucky,Grayson,2020,14.4,25909.0,21085,,,0
Kentucky,Green,2020,14.4,10820.0,21087,,,1
Kentucky,Green,2020,14.4,10820.0,21087,,,0
Kentucky,Greenup,2020,14.4,35041.0,21089,,,1
Kentucky,Greenup,2020,14.4,35041.0,21089,,,0
Kentucky,Hancock,2020,14.4,8637.0,21091,,,1
Kentucky,Hancock,2020,14.4,8637.0,21091,,,0
Kentucky,Hardin,2020,14.4,105256.0,21093,,,1
Kentucky,Hardin,2020,14.4,105256.0,21093,,,0
Kentucky,Harlan,2020,14.4,25944.0,21095,,,1
Kentucky,Harlan,2020,14.4,25944.0,21095,,,0
Kentucky,Harrison,2020,14.4,18363.0,21097,,,1
Kentucky,Harrison,2020,14.4,18363.0,21097,,,0
Kentucky,Hart,2020,14.4,18350.0,21099,,,1
Kentucky,Hart,2020,14.4,18350.0,21099,,,0
Kentucky,Henderson,2020,14.4,44606.0,21101,,,1
Kentucky,Henderson,2020,14.4,44606.0,21101,,,0
Kentucky,Henry,2020,14.4,15827.0,21103,,,1
Kentucky,Henry,2020,14.4,15827.0,21103,,,0
Kentucky,Hickman,2020,14.4,4356.0,21105,,,1
Kentucky,Hickman,2020,14.4,4356.0,21105,,,0
Kentucky,Hopkins,2020,14.4,44095.0,21107,,,1
Kentucky,Hopkins,2020,14.4,44095.0,21107,,,0
Kentucky,Jackson,2020,14.4,13241.0,21109,,,1
Kentucky,Jackson,2020,14.4,13241.0,21109,,,0
Kentucky,Jefferson,2020,14.4,750959.0,21111,,,1
Kentucky,Jefferson,2020,14.4,750959.0,21111,,,0
Kentucky,Jessamine,2020,14.4,51070.0,21113,,,1
Kentucky,Jessamine,2020,14.4,51070.0,21113,,,0
Kentucky,Johnson,2020,14.4,22056.0,21115,,,1
Kentucky,Johnson,2020,14.4,22056.0,21115,,,0
Kentucky,Kenton,2020,14.4,163004.0,21117,,,1
Kentucky,Kenton,2020,14.4,163004.0,21117,,,0
Kentucky,Knott,2020,14.4,14509.0,21119,,,1
Kentucky,Knott,2020,14.4,14509.0,21119,,,0
Kentucky,Knox,2020,14.4,30421.0,21121,,,1
Kentucky,Knox,2020,14.4,30421.0,21121,,,0
Kentucky,Larue,2020,14.4,13751.0,21123,,,1
Kentucky,Larue,2020,14.4,13751.0,21123,,,0
Kentucky,Laurel,2020,14.4,59442.0,21125,,,1
Kentucky,Laurel,2020,14.4,59442.0,21125,,,0
Kentucky,Lawrence,2020,14.4,15522.0,21127,,,1
Kentucky,Lawrence,2020,14.4,15522.0,21127,,,0
Kentucky,Lee,2020,14.4,6462.0,21129,,,1
Kentucky,Lee,2020,14.4,6462.0,21129,,,0
Kentucky,Leslie,2020,14.4,9684.0,21131,,,1
Kentucky,Leslie,2020,14.4,9684.0,21131,,,0
Kentucky,Letcher,2020,14.4,22020.0,21133,,,1
Kentucky,Letcher,2020,14.4,22020.0,21133,,,0
Kentucky,Lewis,2020,14.4,13186.0,21135,,,1
Kentucky,Lewis,2020,14.4,13186.0,21135,,,0
Kentucky,Lincoln,2020,14.4,23921.0,21137,,,1
Kentucky,Lincoln,2020,14.4,23921.0,21137,,,0
Kentucky,Livingston,2020,14.4,9137.0,21139,,,1
Kentucky,Livingston,2020,14.4,9137.0,21139,,,0
Kentucky,Logan,2020,14.4,26550.0,21141,,,1
Kentucky,Logan,2020,14.4,26550.0,21141,,,0
Kentucky,Lyon,2020,14.4,6962.0,21143,,,1
Kentucky,Lyon,2020,14.4,6962.0,21143,,,0
Kentucky,Madison,2020,14.4,84169.0,21151,,,1
Kentucky,Madison,2020,14.4,84169.0,21151,,,0
Kentucky,Magoffin,2020,14.4,12323.0,21153,,,1
Kentucky,Magoffin,2020,14.4,12323.0,21153,,,0
Kentucky,Marion,2020,14.4,18380.0,21155,,,1
Kentucky,Marion,2020,14.4,18380.0,21155,,,0
Kentucky,Marshall,2020,14.4,30507.0,21157,,,1
Kentucky,Marshall,2020,14.4,30507.0,21157,,,0
Kentucky,Martin,2020,14.4,10333.0,21159,,,1
Kentucky,Martin,2020,14.4,10333.0,21159,,,0
Kentucky,Mason,2020,14.4,16739.0,21161,,,1
Kentucky,Mason,2020,14.4,16739.0,21161,,,0
Kentucky,Mccracken,2020,14.4,63628.0,21145,,,1
Kentucky,Mccracken,2020,14.4,63628.0,21145,,,0
Kentucky,Mccreary,2020,14.4,15943.0,21147,,,1
Kentucky,Mccreary,2020,14.4,15943.0,21147,,,0
Kentucky,Mclean,2020,14.4,9154.0,21149,,,1
Kentucky,Mclean,2020,14.4,9154.0,21149,,,0
Kentucky,Meade,2020,14.4,27759.0,21163,,,1
Kentucky,Meade,2020,14.4,27759.0,21163,,,0
Kentucky,Menifee,2020,14.4,6355.0,21165,,,1
Kentucky,Menifee,2020,14.4,6355.0,21165,,,0
Kentucky,Mercer,2020,14.4,21381.0,21167,,,1
Kentucky,Mercer,2020,14.4,21381.0,21167,,,0
Kentucky,Metcalfe,2020,14.4,9933.0,21169,,,1
Kentucky,Metcalfe,2020,14.4,9933.0,21169,,,0
Kentucky,Monroe,2020,14.4,10478.0,21171,,,1
Kentucky,Monroe,2020,14.4,10478.0,21171,,,0
Kentucky,Montgomery,2020,14.4,27434.0,21173,,,1
Kentucky,Montgomery,2020,14.4,27434.0,21173,,,0
Kentucky,Morgan,2020,14.4,11557.0,21175,,,1
Kentucky,Morgan,2020,14.4,11557.0,21175,,,0
Kentucky,Muhlenberg,2020,14.4,30232.0,21177,,,1
Kentucky,Muhlenberg,2020,14.4,30232.0,21177,,,0
Kentucky,Nelson,2020,14.4,45036.0,21179,,,1
Kentucky,Nelson,2020,14.4,45036.0,21179,,,0
Kentucky,Nicholas,2020,14.4,7006.0,21181,,,1
Kentucky,Nicholas,2020,14.4,7006.0,21181,,,0
Kentucky,Ohio,2020,14.4,23494.0,21183,,,1
Kentucky,Ohio,2020,14.4,23494.0,21183,,,0
Kentucky,Oldham,2020,14.4,62308.0,21185,,,1
Kentucky,Oldham,2020,14.4,62308.0,21185,,,0
Kentucky,Owen,2020,14.4,10588.0,21187,,,1
Kentucky,Owen,2020,14.4,10588.0,21187,,,0
Kentucky,Owsley,2020,14.4,4304.0,21189,,,1
Kentucky,Owsley,2020,14.4,4304.0,21189,,,0
Kentucky,Pendleton,2020,14.4,14345.0,21191,,,1
Kentucky,Pendleton,2020,14.4,14345.0,21191,,,0
Kentucky,Perry,2020,14.4,25705.0,21193,,,1
Kentucky,Perry,2020,14.4,25705.0,21193,,,0
Kentucky,Pike,2020,14.4,58321.0,21195,,,1
Kentucky,Pike,2020,14.4,58321.0,21195,,,0
Kentucky,Powell,2020,14.4,11911.0,21197,,,1
Kentucky,Powell,2020,14.4,11911.0,21197,,,0
Kentucky,Pulaski,2020,14.4,63092.0,21199,,,1
Kentucky,Pulaski,2020,14.4,63092.0,21199,,,0
Kentucky,Robertson,2020,14.4,1925.0,21201,,,1
Kentucky,Robertson,2020,14.4,1925.0,21201,,,0
Kentucky,Rockcastle,2020,14.4,16432.0,21203,,,1
Kentucky,Rockcastle,2020,14.4,16432.0,21203,,,0
Kentucky,Rowan,2020,14.4,21455.0,21205,,,1
Kentucky,Rowan,2020,14.4,21455.0,21205,,,0
Kentucky,Russell,2020,14.4,17449.0,21207,,,1
Kentucky,Russell,2020,14.4,17449.0,21207,,,0
Kentucky,Scott,2020,14.4,52899.0,21209,,,1
Kentucky,Scott,2020,14.4,52899.0,21209,,,0
Kentucky,Shelby,2020,14.4,46118.0,21211,,,1
Kentucky,Shelby,2020,14.4,46118.0,21211,,,0
Kentucky,Simpson,2020,14.4,17712.0,21213,,,1
Kentucky,Simpson,2020,14.4,17712.0,21213,,,0
Kentucky,Spencer,2020,14.4,18478.0,21215,,,1
Kentucky,Spencer,2020,14.4,18478.0,21215,,,0
Kentucky,Taylor,2020,14.4,24398.0,21217,,,1
Kentucky,Taylor,2020,14.4,24398.0,21217,,,0
Kentucky,Todd,2020,14.4,12045.0,21219,,,1
Kentucky,Todd,2020,14.4,12045.0,21219,,,0
Kentucky,Trigg,2020,14.4,14224.0,21221,,,1
Kentucky,Trigg,2020,14.4,14224.0,21221,,,0
Kentucky,Trimble,2020,14.4,8453.0,21223,,,1
Kentucky,Trimble,2020,14.4,8453.0,21223,,,0
Kentucky,Union,2020,14.4,14218.0,21225,,,1
Kentucky,Union,2020,14.4,14218.0,21225,,,0
Kentucky,Warren,2020,14.4,120828.0,21227,,,1
Kentucky,Warren,2020,14.4,120828.0,21227,,,0
Kentucky,Washington,2020,14.4,11659.0,21229,,,1
Kentucky,Washington,2020,14.4,11659.0,21229,,,0
Kentucky,Wayne,2020,14.4,20087.0,21231,,,1
Kentucky,Wayne,2020,14.4,20087.0,21231,,,0
Kentucky,Webster,2020,14.4,12623.0,21233,,,1
Kentucky,Webster,2020,14.4,12623.0,21233,,,0
Kentucky,Whitley,2020,14.4,34121.0,21235,,,1
Kentucky,Whitley,2020,14.4,34121.0,21235,,,0
Kentucky,Wolfe,2020,14.4,7047.0,21237,,,1
Kentucky,Wolfe,2020,14.4,7047.0,21237,,,0
Kentucky,Woodford,2020,14.4,25915.0,21239,,,1
Kentucky,Woodford,2020,14.4,25915.0,21239,,,0
Mississippi,Adams,2021,14.4,28695.0,28001,,,1
Mississippi,Adams,2021,14.4,28695.0,28001,,,0
Mississippi,Alcorn,2021,14.4,36275.0,28003,,,1
Mississippi,Alcorn,2021,14.4,36275.0,28003,,,0
Mississippi,Amite,2021,14.4,12298.0,28005,,,1
Mississippi,Amite,2021,14.4,12298.0,28005,,,0
Mississippi,Attala,2021,14.4,18117.0,28007,,,1
Mississippi,Attala,2021,14.4,18117.0,28007,,,0
Mississippi,Benton,2021,14.4,8156.0,28009,,,1
Mississippi,Benton,2021,14.4,8156.0,28009,,,0
Mississippi,Bolivar,2021,14.4,30305.0,28011,,,1
Mississippi,Bolivar,2021,14.4,30305.0,28011,,,0
Mississippi,Calhoun,2021,14.4,14217.0,28013,,,1
Mississippi,Calhoun,2021,14.4,14217.0,28013,,,0
Mississippi,Carroll,2021,14.4,9846.0,28015,,,1
Mississippi,Carroll,2021,14.4,9846.0,28015,,,0
Mississippi,Chickasaw,2021,14.4,16726.0,28017,,,1
Mississippi,Chickasaw,2021,14.4,16726.0,28017,,,0
Mississippi,Choctaw,2021,14.4,8058.0,28019,,,1
Mississippi,Choctaw,2021,14.4,8058.0,28019,,,0
Mississippi,Claiborne,2021,14.4,8329.0,28021,,,1
Mississippi,Claiborne,2021,14.4,8329.0,28021,,,0
Mississippi,Clarke,2021,14.4,15673.0,28023,,,1
Mississippi,Clarke,2021,14.4,15673.0,28023,,,0
Mississippi,Clay,2021,14.4,19349.0,28025,,,1
Mississippi,Clay,2021,14.4,19349.0,28025,,,0
Mississippi,Coahoma,2021,14.4,22674.0,28027,,,1
Mississippi,Coahoma,2021,14.4,22674.0,28027,,,0
Mississippi,Copiah,2021,14.4,27541.0,28029,,,1
Mississippi,Copiah,2021,14.4,27541.0,28029,,,0
Mississippi,Covington,2021,14.4,18681.0,28031,,,1
Mississippi,Covington,2021,14.4,18681.0,28031,,,0
Mississippi,Desoto,2021,14.4,177342.0,28033,,,1
Mississippi,Desoto,2021,14.4,177342.0,28033,,,0
Mississippi,Forrest,2021,14.4,71682.0,28035,,,1
Mississippi,Forrest,2021,14.4,71682.0,28035,,,0
Mississippi,Franklin,2021,14.4,7641.0,28037,,,1
Mississippi,Franklin,2021,14.4,7641.0,28037,,,0
Mississippi,George,2021,14.4,23310.0,28039,,,1
Mississippi,George,2021,14.4,23310.0,28039,,,0
Mississippi,Greene,2021,14.4,9776.0,28041,,,1
Mississippi,Greene,2021,14.4,9776.0,28041,,,0
Mississippi,Grenada,2021,14.4,20705.0,28043,,,1
Mississippi,Grenada,2021,14.4,20705.0,28043,,,0
Mississippi,Hancock,2021,14.4,46675.0,28045,,,1
Mississippi,Hancock,2021,14.4,46675.0,28045,,,0
Mississippi,Harrison,2021,14.4,198996.0,28047,,,1
Mississippi,Harrison,2021,14.4,198996.0,28047,,,0
Mississippi,Hinds,2021,14.4,229998.0,28049,,,1
Mississippi,Hinds,2021,14.4,229998.0,28049,,,0
Mississippi,Holmes,2021,14.4,17005.0,28051,,,1
Mississippi,Holmes,2021,14.4,17005.0,28051,,,0
Mississippi,Humphreys,2021,14.4,8299.0,28053,,,1
Mississippi,Humphreys,2021,14.4,8299.0,28053,,,0
Mississippi,Issaquena,2021,14.4,1063.0,28055,,,1
Mississippi,Issaquena,2021,14.4,1063.0,28055,,,0
Mississippi,Itawamba,2021,14.4,22362.0,28057,,,1
Mississippi,Itawamba,2021,14.4,22362.0,28057,,,0
Mississippi,Jackson,2021,14.4,140906.0,28059,,,1
Mississippi,Jackson,2021,14.4,140906.0,28059,,,0
Mississippi,Jasper,2021,14.4,16426.0,28061,,,1
Mississippi,Jasper,2021,14.4,16426.0,28061,,,0
Mississippi,Jefferson,2021,14.4,6722.0,28063,,,1
Mississippi,Jefferson,2021,14.4,6722.0,28063,,,0
Mississippi,Jefferson Davis,2021,14.4,11157.0,28065,,,1
Mississippi,Jefferson Davis,2021,14.4,11157.0,28065,,,0
Mississippi,Jones,2021,14.4,66802.0,28067,,,1
Mississippi,Jones,2021,14.4,66802.0,28067,,,0
Mississippi,Kemper,2021,14.4,9040.0,28069,,,1
Mississippi,Kemper,2021,14.4,9040.0,28069,,,0
Mississippi,Lafayette,2021,14.4,48878.0,28071,,,1
Mississippi,Lafayette,2021,14.4,48878.0,28071,,,0
Mississippi,Lamar,2021,14.4,61438.0,28073,,,1
Mississippi,Lamar,2021,14.4,61438.0,28073,,,0
Mississippi,Lauderdale,2021,14.4,72915.0,28075,,,1
Mississippi,Lauderdale,2021,14.4,72915.0,28075,,,0
Mississippi,Lawrence,2021,14.4,12613.0,28077,,,1
Mississippi,Lawrence,2021,14.4,12613.0,28077,,,0
Mississippi,Leake,2021,14.4,22052.0,28079,,,1
Mississippi,Leake,2021,14.4,22052.0,28079,,,0
Mississippi,Lee,2021,14.4,83892.0,28081,,,1
Mississippi,Lee,2021,14.4,83892.0,28081,,,0
Mississippi,Leflore,2021,14.4,27917.0,28083,,,1
Mississippi,Leflore,2021,14.4,27917.0,28083,,,0
Mississippi,Lincoln,2021,14.4,33777.0,28085,,,1
Mississippi,Lincoln,2021,14.4,33777.0,28085,,,0
Mississippi,Lowndes,2021,14.4,57347.0,28087,,,1
Mississippi,Lowndes,2021,14.4,57347.0,28087,,,0
Mississippi,Madison,2021,14.4,102820.0,28089,,,1
Mississippi,Madison,2021,14.4,102820.0,28089,,,0
Mississippi,Marion,2021,14.4,24267.0,28091,,,1
Mississippi,Marion,2021,14.4,24267.0,28091,,,0
Mississippi,Marshall,2021,14.4,33306.0,28093,,,1
Mississippi,Marshall,2021,14.4,33306.0,28093,,,0
Mississippi,Monroe,2021,14.4,35103.0,28095,,,1
Mississippi,Monroe,2021,14.4,35103.0,28095,,,0
Mississippi,Montgomery,2021,14.4,9909.0,28097,,,1
Mississippi,Montgomery,2021,14.4,9909.0,28097,,,0
Mississippi,Neshoba,2021,14.4,28804.0,28099,,,1
Mississippi,Neshoba,2021,14.4,28804.0,28099,,,0
Mississippi,Newton,2021,14.4,20702.0,28101,,,1
Mississippi,Newton,2021,14.4,20702.0,28101,,,0
Mississippi,Noxubee,2021,14.4,10492.0,28103,,,1
Mississippi,Noxubee,2021,14.4,10492.0,28103,,,0
Mississippi,Oktibbeha,2021,14.4,44774.0,28105,,,1
Mississippi,Oktibbeha,2021,14.4,44774.0,28105,,,0
Mississippi,Panola,2021,14.4,33893.0,28107,,,1
Mississippi,Panola,2021,14.4,33893.0,28107,,,0
Mississippi,Pearl River,2021,14.4,53717.0,28109,,,1
Mississippi,Pearl River,2021,14.4,53717.0,28109,,,0
Mississippi,Perry,2021,14.4,11848.0,28111,,,1
Mississippi,Perry,2021,14.4,11848.0,28111,,,0
Mississippi,Pike,2021,14.4,38291.0,28113,,,1
Mississippi,Pike,2021,14.4,38291.0,28113,,,0
Mississippi,Pontotoc,2021,14.4,31287.0,28115,,,1
Mississippi,Pontotoc,2021,14.4,31287.0,28115,,,0
Mississippi,Prentiss,2021,14.4,24095.0,28117,,,1
Mississippi,Prentiss,2021,14.4,24095.0,28117,,,0
Mississippi,Quitman,2021,14.4,7013.0,28119,,,1
Mississippi,Quitman,2021,14.4,7013.0,28119,,,0
Mississippi,Rankin,2021,14.4,147315.0,28121,,,1
Mississippi,Rankin,2021,14.4,147315.0,28121,,,0
Mississippi,Scott,2021,14.4,27972.0,28123,,,1
Mississippi,Scott,2021,14.4,27972.0,28123,,,0
Mississippi,Sharkey,2021,14.4,4302.0,28125,,,1
Mississippi,Sharkey,2021,14.4,4302.0,28125,,,0
Mississippi,Simpson,2021,14.4,26327.0,28127,,,1
Mississippi,Simpson,2021,14.4,26327.0,28127,,,0
Mississippi,Smith,2021,14.4,15890.0,28129,,,1
Mississippi,Smith,2021,14.4,15890.0,28129,,,0
Mississippi,Stone,2021,14.4,17510.0,28131,,,1
Mississippi,Stone,2021,14.4,17510.0,28131,,,0
Mississippi,Sunflower,2021,14.4,21868.0,28133,,,1
Mississippi,Sunflower,2021,14.4,21868.0,28133,,,0
Mississippi,Tallahatchie,2021,14.4,11718.0,28135,,,1
Mississippi,Tallahatchie,2021,14.4,11718.0,28135,,,0
Mississippi,Tate,2021,14.4,26426.0,28137,,,1
Mississippi,Tate,2021,14.4,26426.0,28137,,,0
Mississippi,Tippah,2021,14.4,21642.0,28139,,,1
Mississippi,Tippah,2021,14.4,21642.0,28139,,,0
Mississippi,Tishomingo,2021,14.4,19189.0,28141,,,1
Mississippi,Tishomingo,2021,14.4,19189.0,28141,,,0
Mississippi,Tunica,2021,14.4,9680.0,28143,,,1
Mississippi,Tunica,2021,14.4,9680.0,28143,,,0
Mississippi,Union,2021,14.4,28157.0,28145,,,1
Mississippi,Union,2021,14.4,28157.0,28145,,,0
Mississippi,Walthall,2021,14.4,14304.0,28147,,,1
Mississippi,Walthall,2021,14.4,14304.0,28147,,,0
Mississippi,Warren,2021,14.4,45990.0,28149,,,1
Mississippi,Warren,2021,14.4,45990.0,28149,,,0
Mississippi,Washington,2021,14.4,45449.0,28151,,,1
Mississippi,Washington,2021,14.4,45449.0,28151,,,0
Mississippi,Wayne,2021,14.4,20199.0,28153,,,1
Mississippi,Wayne,2021,14.4,20199.0,28153,,,0
Mississippi,Webster,2021,14.4,9617.0,28155,,,1
Mississippi,Webster,2021,14.4,9617.0,28155,,,0
Mississippi,Wilkinson,2021,14.4,7710.0,28157,,,1
Mississippi,Wilkinson,2021,14.4,7710.0,28157,,,0
Mississippi,Winston,2021,14.4,17771.0,28159,,,1
Mississippi,Winston,2021,14.4,17771.0,28159,,,0
Mississippi,Yalobusha,2021,14.4,12159.0,28161,,,1
Mississippi,Yalobusha,2021,14.4,12159.0,28161,,,0
Mississippi,Yazoo,2021,14.4,23575.0,28163,,,1
Mississippi,Yazoo,2021,14.4,23575.0,28163,,,0
Nebraska,Adams,2021,9.6,29968.0,31001,,,1
Nebraska,Adams,2021,9.6,29968.0,31001,,,0
Nebraska,Antelope,2021,9.6,6261.0,31003,,,1
Nebraska,Antelope,2021,9.6,6261.0,31003,,,0
Nebraska,Arthur,2021,9.6,427.0,31005,,,1
Nebraska,Arthur,2021,9.6,427.0,31005,,,0
Nebraska,Banner,2021,9.6,719.0,31007,,,1
Nebraska,Banner,2021,9.6,719.0,31007,,,0
Nebraska,Blaine,2021,9.6,477.0,31009,,,1
Nebraska,Blaine,2021,9.6,477.0,31009,,,0
Nebraska,Boone,2021,9.6,5171.0,31011,,,1
Nebraska,Boone,2021,9.6,5171.0,31011,,,0
Nebraska,Box Butte,2021,9.6,10756.0,31013,,,1
Nebraska,Box Butte,2021,9.6,10756.0,31013,,,0
Nebraska,Boyd,2021,9.6,1898.0,31015,,,1
Nebraska,Boyd,2021,9.6,1898.0,31015,,,0
Nebraska,Brown,2021,9.6,2963.0,31017,,,1
Nebraska,Brown,2021,9.6,2963.0,31017,,,0
Nebraska,Buffalo,2021,9.6,46809.0,31019,,,1
Nebraska,Buffalo,2021,9.6,46809.0,31019,,,0
Nebraska,Burt,2021,9.6,6409.0,31021,,,1
Nebraska,Burt,2021,9.6,6409.0,31021,,,0
Nebraska,Butler,2021,9.6,7824.0,31023,,,1
Nebraska,Butler,2021,9.6,7824.0,31023,,,0
Nebraska,Cass,2021,9.6,25271.0,31025,,,1
Nebraska,Cass,2021,9.6,25271.0,31025,,,0
Nebraska,Cedar,2021,9.6,8310.0,31027,,,1
Nebraska,Cedar,2021,9.6,8310.0,31027,,,0
Nebraska,Chase,2021,9.6,3712.0,31029,,,1
Nebraska,Chase,2021,9.6,3712.0,31029,,,0
Nebraska,Cherry,2021,9.6,5693.0,31031,,,1
Nebraska,Cherry,2021,9.6,5693.0,31031,,,0
Nebraska,Cheyenne,2021,9.6,9471.0,31033,,,1
Nebraska,Cheyenne,2021,9.6,9471.0,31033,,,0
Nebraska,Clay,2021,9.6,6090.0,31035,,,1
Nebraska,Clay,2021,9.6,6090.0,31035,,,0
Nebraska,Colfax,2021,9.6,10169.0,31037,,,1
Nebraska,Colfax,2021,9.6,10169.0,31037,,,0
Nebraska,Cuming,2021,9.6,8777.0,31039,,,1
Nebraska,Cuming,2021,9.6,8777.0,31039,,,0
Nebraska,Custer,2021,9.6,10623.0,31041,,,1
Nebraska,Custer,2021,9.6,10623.0,31041,,,0
Nebraska,Dakota,2021,9.6,19882.0,31043,,,1
Nebraska,Dakota,2021,9.6,19882.0,31043,,,0
Nebraska,Dawes,2021,9.6,7781.0,31045,,,1
Nebraska,Dawes,2021,9.6,7781.0,31045,,,0
Nebraska,Dawson,2021,9.6,23387.0,31047,,,1
Nebraska,Dawson,2021,9.6,23387.0,31047,,,0
Nebraska,Deuel,2021,9.6,1812.0,31049,,,1
Nebraska,Deuel,2021,9.6,1812.0,31049,,,0
Nebraska,Dixon,2021,9.6,5632.0,31051,,,1
Nebraska,Dixon,2021,9.6,5632.0,31051,,,0
Nebraska,Dodge,2021,9.6,35542.0,31053,,,1
Nebraska,Dodge,2021,9.6,35542.0,31053,,,0
Nebraska,Douglas,2021,9.6,547883.0,31055,,,1
Nebraska,Douglas,2021,9.6,547883.0,31055,,,0
Nebraska,Dundy,2021,9.6,1872.0,31057,,,1
Nebraska,Dundy,2021,9.6,1872.0,31057,,,0
Nebraska,Fillmore,2021,9.6,5318.0,31059,,,1
Nebraska,Fillmore,2021,9.6,5318.0,31059,,,0
Nebraska,Franklin,2021,9.6,2911.0,31061,,,1
Nebraska,Franklin,2021,9.6,2911.0,31061,,,0
Nebraska,Frontier,2021,9.6,2525.0,31063,,,1
Nebraska,Frontier,2021,9.6,2525.0,31063,,,0
Nebraska,Furnas,2021,9.6,4636.0,31065,,,1
Nebraska,Furnas,2021,9.6,4636.0,31065,,,0
Nebraska,Gage,2021,9.6,21117.0,31067,,,1
Nebraska,Gage,2021,9.6,21117.0,31067,,,0
Nebraska,Garden,2021,9.6,1827.0,31069,,,1
Nebraska,Garden,2021,9.6,1827.0,31069,,,0
Nebraska,Garfield,2021,9.6,1935.0,31071,,,1
Nebraska,Garfield,2021,9.6,1935.0,31071,,,0
Nebraska,Gosper,2021,9.6,1968.0,31073,,,1
Nebraska,Gosper,2021,9.6,1968.0,31073,,,0
Nebraska,Grant,2021,9.6,686.0,31075,,,1
Nebraska,Grant,2021,9.6,686.0,31075,,,0
Nebraska,Greeley,2021,9.6,2348.0,31077,,,1
Nebraska,Greeley,2021,9.6,2348.0,31077,,,0
Nebraska,Hall,2021,9.6,60052.0,31079,,,1
Nebraska,Hall,2021,9.6,60052.0,31079,,,0
Nebraska,Hamilton,2021,9.6,9049.0,31081,,,1
Nebraska,Hamilton,2021,9.6,9049.0,31081,,,0
Nebraska,Harlan,2021,9.6,3366.0,31083,,,1
Nebraska,Harlan,2021,9.6,3366.0,31083,,,0
Nebraska,Hayes,2021,9.6,893.0,31085,,,1
Nebraska,Hayes,2021,9.6,893.0,31085,,,0
Nebraska,Hitchcock,2021,9.6,2759.0,31087,,,1
Nebraska,Hitchcock,2021,9.6,2759.0,31087,,,0
Nebraska,Holt,2021,9.6,10002.0,31089,,,1
Nebraska,Holt,2021,9.6,10002.0,31089,,,0
Nebraska,Hooker,2021,9.6,659.0,31091,,,1
Nebraska,Hooker,2021,9.6,659.0,31091,,,0
Nebraska,Howard,2021,9.6,6388.0,31093,,,1
Nebraska,Howard,2021,9.6,6388.0,31093,,,0
Nebraska,Jefferson,2021,9.6,7026.0,31095,,,1
Nebraska,Jefferson,2021,9.6,7026.0,31095,,,0
Nebraska,Johnson,2021,9.6,4111.0,31097,,,1
Nebraska,Johnson,2021,9.6,4111.0,31097,,,0
Nebraska,Kearney,2021,9.6,6442.0,31099,,,1
Nebraska,Kearney,2021,9.6,6442.0,31099,,,0
Nebraska,Keith,2021,9.6,7978.0,31101,,,1
Nebraska,Keith,2021,9.6,7978.0,31101,,,0
Nebraska,Keya Paha,2021,9.6,760.0,31103,,,1
Nebraska,Keya Paha,2021,9.6,760.0,31103,,,0
Nebraska,Kimball,2021,9.6,3579.0,31105,,,1
Nebraska,Kimball,2021,9.6,3579.0,31105,,,0
Nebraska,Knox,2021,9.6,8217.0,31107,,,1
Nebraska,Knox,2021,9.6,8217.0,31107,,,0
Nebraska,Lancaster,2021,9.6,299690.0,31109,,,1
Nebraska,Lancaster,2021,9.6,299690.0,31109,,,0
Nebraska,Lincoln,2021,9.6,34310.0,31111,,,1
Nebraska,Lincoln,2021,9.6,34310.0,31111,,,0
Nebraska,Logan,2021,9.6,918.0,31113,,,1
Nebraska,Logan,2021,9.6,918.0,31113,,,0
Nebraska,Loup,2021,9.6,605.0,31115,,,1
Nebraska,Loup,2021,9.6,605.0,31115,,,0
Nebraska,Madison,2021,9.6,34009.0,31119,,,1
Nebraska,Madison,2021,9.6,34009.0,31119,,,0
Nebraska,Mcpherson,2021,9.6,395.0,31117,,,1
Nebraska,Mcpherson,2021,9.6,395.0,31117,,,0
Nebraska,Merrick,2021,9.6,7625.0,31121,,,1
Nebraska,Merrick,2021,9.6,7625.0,31121,,,0
Nebraska,Morrill,2021,9.6,4620.0,31123,,,1
Nebraska,Morrill,2021,9.6,4620.0,31123,,,0
Nebraska,Nance,2021,9.6,3439.0,31125,,,1
Nebraska,Nance,2021,9.6,3439.0,31125,,,0
Nebraska,Nemaha,2021,9.6,6446.0,31127,,,1
Nebraska,Nemaha,2021,9.6,6446.0,31127,,,0
Nebraska,Nuckolls,2021,9.6,4157.0,31129,,,1
Nebraska,Nuckolls,2021,9.6,4157.0,31129,,,0
Nebraska,Otoe,2021,9.6,15640.0,31131,,,1
Nebraska,Otoe,2021,9.6,15640.0,31131,,,0
Nebraska,Pawnee,2021,9.6,2610.0,31133,,,1
Nebraska,Pawnee,2021,9.6,2610.0,31133,,,0
Nebraska,Perkins,2021,9.6,2861.0,31135,,,1
Nebraska,Perkins,2021,9.6,2861.0,31135,,,0
Nebraska,Phelps,2021,9.6,8798.0,31137,,,1
Nebraska,Phelps,2021,9.6,8798.0,31137,,,0
Nebraska,Pierce,2021,9.6,6961.0,31139,,,1
Nebraska,Pierce,2021,9.6,6961.0,31139,,,0
Nebraska,Platte,2021,9.6,32725.0,31141,,,1
Nebraska,Platte,2021,9.6,32725.0,31141,,,0
Nebraska,Polk,2021,9.6,5133.0,31143,,,1
Nebraska,Polk,2021,9.6,5133.0,31143,,,0
Nebraska,Red Willow,2021,9.6,10344.0,31145,,,1
Nebraska,Red Willow,2021,9.6,10344.0,31145,,,0
Nebraska,Richardson,2021,9.6,7796.0,31147,,,1
Nebraska,Richardson,2021,9.6,7796.0,31147,,,0
Nebraska,Rock,2021,9.6,1338.0,31149,,,1
Nebraska,Rock,2021,9.6,1338.0,31149,,,0
Nebraska,Saline,2021,9.6,13292.0,31151,,,1
Nebraska,Saline,2021,9.6,13292.0,31151,,,0
Nebraska,Sarpy,2021,9.6,179078.0,31153,,,1
Nebraska,Sarpy,2021,9.6,179078.0,31153,,,0
Nebraska,Saunders,2021,9.6,20883.0,31155,,,1
Nebraska,Saunders,2021,9.6,20883.0,31155,,,0
Nebraska,Scotts Bluff,2021,9.6,35164.0,31157,,,1
Nebraska,Scotts Bluff,2021,9.6,35164.0,31157,,,0
Nebraska,Seward,2021,9.6,15704.0,31159,,,1
Nebraska,Seward,2021,9.6,15704.0,31159,,,0
Nebraska,Sheridan,2021,9.6,5170.0,31161,,,1
Nebraska,Sheridan,2021,9.6,5170.0,31161,,,0
Nebraska,Sherman,2021,9.6,2965.0,31163,,,1
Nebraska,Sherman,2021,9.6,2965.0,31163,,,0
Nebraska,Sioux,2021,9.6,1219.0,31165,,,1
Nebraska,Sioux,2021,9.6,1219.0,31165,,,0
Nebraska,Stanton,2021,9.6,5892.0,31167,,,1
Nebraska,Stanton,2021,9.6,5892.0,31167,,,0
Nebraska,Thayer,2021,9.6,4880.0,31169,,,1
Nebraska,Thayer,2021,9.6,4880.0,31169,,,0
Nebraska,Thomas,2021,9.6,645.0,31171,,,1
Nebraska,Thomas,2021,9.6,645.0,31171,,,0
Nebraska,Thurston,2021,9.6,7103.0,31173,,,1
Nebraska,Thurston,2021,9.6,7103.0,31173,,,0
Nebraska,Valley,2021,9.6,4123.0,31175,,,1
Nebraska,Valley,2021,9.6,4123.0,31175,,,0
Nebraska,Washington,2021,9.6,20026.0,31177,,,1
Nebraska,Washington,2021,9.6,20026.0,31177,,,0
Nebraska,Wayne,2021,9.6,8036.0,31179,,,1
Nebraska,Wayne,2021,9.6,8036.0,31179,,,0
Nebraska,Webster,2021,9.6,3438.0,31181,,,1
Nebraska,Webster,2021,9.6,3438.0,31181,,,0
Nebraska,Wheeler,2021,9.6,783.0,31183,,,1
Nebraska,Wheeler,2021,9.6,783.0,31183,,,0
Nebraska,York,2021,9.6,12729.0,31185,,,1
Nebraska,York,2021,9.6,12729.0,31185,,,0
Pennsylvania,Adams,2019,10.6,98301.0,42001,,,1
Pennsylvania,Adams,2019,10.6,98301.0,42001,,,0
Pennsylvania,Allegheny,2019,10.6,1189220.0,42003,,,1
Pennsylvania,Allegheny,2019,10.6,1189220.0,42003,,,0
Pennsylvania,Armstrong,2019,10.6,65167.0,42005,,,1
Pennsylvania,Armstrong,2019,10.6,65167.0,42005,,,0
Pennsylvania,Beaver,2019,10.6,163216.0,42007,,,1
Pennsylvania,Beaver,2019,10.6,163216.0,42007,,,0
Pennsylvania,Bedford,2019,10.6,47728.0,42009,,,1
Pennsylvania,Bedford,2019,10.6,47728.0,42009,,,0
Pennsylvania,Berks,2019,10.6,404844.0,42011,,,1
Pennsylvania,Berks,2019,10.6,404844.0,42011,,,0
Pennsylvania,Blair,2019,10.6,120340.0,42013,,,1
Pennsylvania,Blair,2019,10.6,120340.0,42013,,,0
Pennsylvania,Bradford,2019,10.6,60147.0,42015,,,1
Pennsylvania,Bradford,2019,10.6,60147.0,42015,,,0
Pennsylvania,Bucks,2019,10.6,618415.0,42017,,,1
Pennsylvania,Bucks,2019,10.6,618415.0,42017,,,0
Pennsylvania,Butler,2019,10.6,181455.0,42019,,,1
Pennsylvania,Butler,2019,10.6,181455.0,42019,,,0
Pennsylvania,Cambria,2019,10.6,126423.0,42021,,,1
Pennsylvania,Cambria,2019,10.6,126423.0,42021,,,0
Pennsylvania,Cameron,2019,10.6,4572.0,42023,,,1
Pennsylvania,Cameron,2019,10.6,4572.0,42023,,,0
Pennsylvania,Carbon,2019,10.6,62558.0,42025,,,1
Pennsylvania,Carbon,2019,10.6,62558.0,42025,,,0
Pennsylvania,Centre,2019,10.6,143344.0,42027,,,1
Pennsylvania,Centre,2019,10.6,143344.0,42027,,,0
Pennsylvania,Chester,2019,10.6,506870.0,42029,,,1
Pennsylvania,Chester,2019,10.6,506870.0,42029,,,0
Pennsylvania,Clarion,2019,10.6,37537.0,42031,,,1
Pennsylvania,Clarion,2019,10.6,37537.0,42031,,,0
Pennsylvania,Clearfield,2019,10.6,74047.0,42033,,,1
Pennsylvania,Clearfield,2019,10.6,74047.0,42033,,,0
Pennsylvania,Clinton,2019,10.6,37185.0,42035,,,1
Pennsylvania,Clinton,2019,10.6,37185.0,42035,,,0
Pennsylvania,Columbia,2019,10.6,61000.0,42037,,,1
Pennsylvania,Columbia,2019,10.6,61000.0,42037,,,0
Pennsylvania,Crawford,2019,10.6,81944.0,42039,,,1
Pennsylvania,Crawford,2019,10.6,81944.0,42039,,,0
Pennsylvania,Cumberland,2019,10.6,235647.0,42041,,,1
Pennsylvania,Cumberland,2019,10.6,235647.0,42041,,,0
Pennsylvania,Dauphin,2019,10.6,271057.0,42043,,,1
Pennsylvania,Dauphin,2019,10.6,271057.0,42043,,,0
Pennsylvania,Delaware,2019,10.6,543919.0,42045,,,1
Pennsylvania,Delaware,2019,10.6,543919.0,42045,,,0
Pennsylvania,Elk,2019,10.6,29922.0,42047,,,1
Pennsylvania,Elk,2019,10.6,29922.0,42047,,,0
Pennsylvania,Erie,2019,10.6,260956.0,42049,,,1
Pennsylvania,Erie,2019,10.6,260956.0,42049,,,0
Pennsylvania,Fayette,2019,10.6,126862.0,42051,,,1
Pennsylvania,Fayette,2019,10.6,126862.0,42051,,,0
Pennsylvania,Forest,2019,10.6,3613.0,42053,,,1
Pennsylvania,Forest,2019,10.6,3613.0,42053,,,0
Pennsylvania,Franklin,2019,10.6,151885.0,42055,,,1
Pennsylvania,Franklin,2019,10.6,151885.0,42055,,,0
Pennsylvania,Fulton,2019,10.6,14409.0,42057,,,1
Pennsylvania,Fulton,2019,10.6,14409.0,42057,,,0
Pennsylvania,Greene,2019,10.6,33320.0,42059,,,1
Pennsylvania,Greene,2019,10.6,33320.0,42059,,,0
Pennsylvania,Huntingdon,2019,10.6,39825.0,42061,,,1
Pennsylvania,Huntingdon,2019,10.6,39825.0,42061,,,0
Pennsylvania,Indiana,2019,10.6,79196.0,42063,,,1
Pennsylvania,Indiana,2019,10.6,79196.0,42063,,,0
Pennsylvania,Jefferson,2019,10.6,42983.0,42065,,,1
Pennsylvania,Jefferson,2019,10.6,42983.0,42065,,,0
Pennsylvania,Juniata,2019,10.6,24326.0,42067,,,1
Pennsylvania,Juniata,2019,10.6,24326.0,42067,,,0
Pennsylvania,Lackawanna,2019,10.6,202694.0,42069,,,1
Pennsylvania,Lackawanna,2019,10.6,202694.0,42069,,,0
Pennsylvania,Lancaster,2019,10.6,528680.0,42071,,,1
Pennsylvania,Lancaster,2019,10.6,528680.0,42071,,,0
Pennsylvania,Lawrence,2019,10.6,84605.0,42073,,,1
Pennsylvania,Lawrence,2019,10.6,84605.0,42073,,,0
Pennsylvania,Lebanon,2019,10.6,136039.0,42075,,,1
Pennsylvania,Lebanon,2019,10.6,136039.0,42075,,,0
Pennsylvania,Lehigh,2019,10.6,355304.0,42077,,,1
Pennsylvania,Lehigh,2019,10.6,355304.0,42077,,,0
Pennsylvania,Luzerne,2019,10.6,305739.0,42079,,,1
Pennsylvania,Luzerne,2019,10.6,305739.0,42079,,,0
Pennsylvania,Lycoming,2019,10.6,107874.0,42081,,,1
Pennsylvania,Lycoming,2019,10.6,107874.0,42081,,,0
Pennsylvania,Mckean,2019,10.6,38319.0,42083,,,1
Pennsylvania,Mckean,2019,10.6,38319.0,42083,,,0
Pennsylvania,Mercer,2019,10.6,104066.0,42085,,,1
Pennsylvania,Mercer,2019,10.6,104066.0,42085,,,0
Pennsylvania,Mifflin,2019,10.6,45537.0,42087,,,1
Pennsylvania,Mifflin,2019,10.6,45537.0,42087,,,0
Pennsylvania,Monroe,2019,10.6,165579.0,42089,,,1
Pennsylvania,Monroe,2019,10.6,165579.0,42089,,,0
Pennsylvania,Montgomery,2019,10.6,802207.0,42091,,,1
Pennsylvania,Montgomery,2019,10.6,802207.0,42091,,,0
Pennsylvania,Montour,2019,10.6,17546.0,42093,,,1
Pennsylvania,Montour,2019,10.6,17546.0,42093,,,0
Pennsylvania,Northampton,2019,10.6,291401.0,42095,,,1
Pennsylvania,Northampton,2019,10.6,291401.0,42095,,,0
Pennsylvania,Northumberland,2019,10.6,87589.0,42097,,,1
Pennsylvania,Northumberland,2019,10.6,87589.0,42097,,,0
Pennsylvania,Perry,2019,10.6,45442.0,42099,,,1
Pennsylvania,Perry,2019,10.6,45442.0,42099,,,0
Pennsylvania,Philadelphia,2019,10.6,1535277.0,42101,,,1
Pennsylvania,Philadelphia,2019,10.6,1535277.0,42101,,,0
Pennsylvania,Pike,2019,10.6,54989.0,42103,,,1
Pennsylvania,Pike,2019,10.6,54989.0,42103,,,0
Pennsylvania,Potter,2019,10.6,16554.0,42105,,,1
Pennsylvania,Potter,2019,10.6,16554.0,42105,,,0
Pennsylvania,Schuylkill,2019,10.6,135206.0,42107,,,1
Pennsylvania,Schuylkill,2019,10.6,135206.0,42107,,,0
Pennsylvania,Snyder,2019,10.6,38125.0,42109,,,1
Pennsylvania,Snyder,2019,10.6,38125.0,42109,,,0
Pennsylvania,Somerset,2019,10.6,69090.0,42111,,,1
Pennsylvania,Somerset,2019,10.6,69090.0,42111,,,0
Pennsylvania,Sullivan,2019,10.6,5925.0,42113,,,1
Pennsylvania,Sullivan,2019,10.6,5925.0,42113,,,0
Pennsylvania,Susquehanna,2019,10.6,40454.0,42115,,,1
Pennsylvania,Susquehanna,2019,10.6,40454.0,42115,,,0
Pennsylvania,Tioga,2019,10.6,40362.0,42117,,,1
Pennsylvania,Tioga,2019,10.6,40362.0,42117,,,0
Pennsylvania,Union,2019,10.6,36023.0,42119,,,1
Pennsylvania,Union,2019,10.6,36023.0,42119,,,0
Pennsylvania,Venango,2019,10.6,50605.0,42121,,,1
Pennsylvania,Venango,2019,10.6,50605.0,42121,,,0
Pennsylvania,Warren,2019,10.6,39012.0,42123,,,1
Pennsylvania,Warren,2019,10.6,39012.0,42123,,,0
Pennsylvania,Washington,2019,10.6,202068.0,42125,,,1
Pennsylvania,Washington,2019,10.6,202068.0,42125,,,0
Pennsylvania,Wayne,2019,10.6,47703.0,42127,,,1
Pennsylvania,Wayne,2019,10.6,47703.0,42127,,,0
Pennsylvania,Westmoreland,2019,10.6,345567.0,42129,,,1
Pennsylvania,Westmoreland,2019,10.6,345567.0,42129,,,0
Pennsylvania,Wyoming,2019,10.6,26519.0,42131,,,1
Pennsylvania,Wyoming,2019,10.6,26519.0,42131,,,0
Pennsylvania,York,2019,10.6,435951.0,42133,,,1
Pennsylvania,York,2019,10.6,435951.0,42133,,,0
Puerto Rico,Adjuntas Municipio,2019,14.5,17837.0,72001,,,1
Puerto Rico,Adjuntas Municipio,2019,14.5,17837.0,72001,,,0
Puerto Rico,Aguada Municipio,2019,14.5,37858.0,72003,,,1
Puerto Rico,Aguada Municipio,2019,14.5,37858.0,72003,,,0
Puerto Rico,Aguadilla Municipio,2019,14.5,51651.0,72005,,,1
Puerto Rico,Aguadilla Municipio,2019,14.5,51651.0,72005,,,0
Puerto Rico,Aguas Buenas Municipio,2019,14.5,25600.0,72007,,,1
Puerto Rico,Aguas Buenas Municipio,2019,14.5,25600.0,72007,,,0
Puerto Rico,Aibonito Municipio,2019,14.5,22974.0,72009,,,1
Puerto Rico,Aibonito Municipio,2019,14.5,22974.0,72009,,,0
Puerto Rico,Arecibo Municipio,2019,14.5,84713.0,72013,,,1
Puerto Rico,Arecibo Municipio,2019,14.5,84713.0,72013,,,0
Puerto Rico,Arroyo Municipio,2019,14.5,17791.0,72015,,,1
Puerto Rico,Arroyo Municipio,2019,14.5,17791.0,72015,,,0
Puerto Rico,Aasco Municipio,2019,14.5,26783.0,72011,,,1
Puerto Rico,Aasco Municipio,2019,14.5,26783.0,72011,,,0
Puerto Rico,Barceloneta Municipio,2019,14.5,24069.0,72017,,,1
Puerto Rico,Barceloneta Municipio,2019,14.5,24069.0,72017,,,0
Puerto Rico,Barranquitas Municipio,2019,14.5,28138.0,72019,,,1
Puerto Rico,Barranquitas Municipio,2019,14.5,28138.0,72019,,,0
Puerto Rico,Bayamn Municipio,2019,14.5,173047.0,72021,,,1
Puerto Rico,Bayamn Municipio,2019,14.5,173047.0,72021,,,0
Puerto Rico,Cabo Rojo Municipio,2019,14.5,48273.0,72023,,,1
Puerto Rico,Cabo Rojo Municipio,2019,14.5,48273.0,72023,,,0
Puerto Rico,Caguas Municipio,2019,14.5,128276.0,72025,,,1
Puerto Rico,Caguas Municipio,2019,14.5,128276.0,72025,,,0
Puerto Rico,Camuy Municipio,2019,14.5,31500.0,72027,,,1
Puerto Rico,Camuy Municipio,2019,14.5,31500.0,72027,,,0
Puerto Rico,Canvanas Municipio,2019,14.5,45316.0,72029,,,1
Puerto Rico,Canvanas Municipio,2019,14.5,45316.0,72029,,,0
Puerto Rico,Carolina Municipio,2019,14.5,153020.0,72031,,,1
Puerto Rico,Carolina Municipio,2019,14.5,153020.0,72031,,,0
Puerto Rico,Catao Municipio,2019,14.5,24250.0,72033,,,1
Puerto Rico,Catao Municipio,2019,14.5,24250.0,72033,,,0
Puerto Rico,Cayey Municipio,2019,14.5,43714.0,72035,,,1
Puerto Rico,Cayey Municipio,2019,14.5,43714.0,72035,,,0
Puerto Rico,Ceiba Municipio,2019,14.5,11513.0,72037,,,1
Puerto Rico,Ceiba Municipio,2019,14.5,11513.0,72037,,,0
Puerto Rico,Ciales Municipio,2019,14.5,16363.0,72039,,,1
Puerto Rico,Ciales Municipio,2019,14.5,16363.0,72039,,,0
Puerto Rico,Cidra Municipio,2019,14.5,39484.0,72041,,,1
Puerto Rico,Cidra Municipio,2019,14.5,39484.0,72041,,,0
Puerto Rico,Coamo Municipio,2019,14.5,38867.0,72043,,,1
Puerto Rico,Coamo Municipio,2019,14.5,38867.0,72043,,,0
Puerto Rico,Comero Municipio,2019,14.5,19148.0,72045,,,1
Puerto Rico,Comero Municipio,2019,14.5,19148.0,72045,,,0
Puerto Rico,Corozal Municipio,2019,14.5,33262.0,72047,,,1
Puerto Rico,Corozal Municipio,2019,14.5,33262.0,72047,,,0
Puerto Rico,Culebra Municipio,2019,14.5,1291.0,72049,,,1
Puerto Rico,Culebra Municipio,2019,14.5,1291.0,72049,,,0
Puerto Rico,Dorado Municipio,2019,14.5,36764.0,72051,,,1
Puerto Rico,Dorado Municipio,2019,14.5,36764.0,72051,,,0
Puerto Rico,Fajardo Municipio,2019,14.5,30988.0,72053,,,1
Puerto Rico,Fajardo Municipio,2019,14.5,30988.0,72053,,,0
Puerto Rico,Florida Municipio,2019,14.5,11684.0,72054,,,1
Puerto Rico,Florida Municipio,2019,14.5,11684.0,72054,,,0
Puerto Rico,Guayama Municipio,2019,14.5,38730.0,72057,,,1
Puerto Rico,Guayama Municipio,2019,14.5,38730.0,72057,,,0
Puerto Rico,Guayanilla Municipio,2019,14.5,18447.0,72059,,,1
Puerto Rico,Guayanilla Municipio,2019,14.5,18447.0,72059,,,0
Puerto Rico,Guaynabo Municipio,2019,14.5,86529.0,72061,,,1
Puerto Rico,Guaynabo Municipio,2019,14.5,86529.0,72061,,,0
Puerto Rico,Gurabo Municipio,2019,14.5,46698.0,72063,,,1
Puerto Rico,Gurabo Municipio,2019,14.5,46698.0,72063,,,0
Puerto Rico,Gunica Municipio,2019,14.5,16280.0,72055,,,1
Puerto Rico,Gunica Municipio,2019,14.5,16280.0,72055,,,0
Puerto Rico,Hatillo Municipio,2019,14.5,39845.0,72065,,,1
Puerto Rico,Hatillo Municipio,2019,14.5,39845.0,72065,,,0
Puerto Rico,Hormigueros Municipio,2019,14.5,15905.0,72067,,,1
Puerto Rico,Hormigueros Municipio,2019,14.5,15905.0,72067,,,0
Puerto Rico,Humacao Municipio,2019,14.5,52171.0,72069,,,1
Puerto Rico,Humacao Municipio,2019,14.5,52171.0,72069,,,0
Puerto Rico,Isabela Municipio,2019,14.5,41397.0,72071,,,1
Puerto Rico,Isabela Municipio,2019,14.5,41397.0,72071,,,0
Puerto Rico,Jayuya Municipio,2019,14.5,14258.0,72073,,,1
Puerto Rico,Jayuya Municipio,2019,14.5,14258.0,72073,,,0
Puerto Rico,Juana Daz Municipio,2019,14.5,45748.0,72075,,,1
Puerto Rico,Juana Daz Municipio,2019,14.5,45748.0,72075,,,0
Puerto Rico,Juncos Municipio,2019,14.5,38718.0,72077,,,1
Puerto Rico,Juncos Municipio,2019,14.5,38718.0,72077,,,0
Puerto Rico,Lajas Municipio,2019,14.5,22789.0,72079,,,1
Puerto Rico,Lajas Municipio,2019,14.5,22789.0,72079,,,0
Puerto Rico,Lares Municipio,2019,14.5,25441.0,72081,,,1
Puerto Rico,Lares Municipio,2019,14.5,25441.0,72081,,,0
Puerto Rico,Las Maras Municipio,2019,14.5,8286.0,72083,,,1
Puerto Rico,Las Maras Municipio,2019,14.5,8286.0,72083,,,0
Puerto Rico,Las Piedras Municipio,2019,14.5,37412.0,72085,,,1
Puerto Rico,Las Piedras Municipio,2019,14.5,37412.0,72085,,,0
Puerto Rico,Loza Municipio,2019,14.5,25746.0,72087,,,1
Puerto Rico,Loza Municipio,2019,14.5,25746.0,72087,,,0
Puerto Rico,Luquillo Municipio,2019,14.5,18050.0,72089,,,1
Puerto Rico,Luquillo Municipio,2019,14.5,18050.0,72089,,,0
Puerto Rico,Manat Municipio,2019,14.5,38680.0,72091,,,1
Puerto Rico,Manat Municipio,2019,14.5,38680.0,72091,,,0
Puerto Rico,Maricao Municipio,2019,14.5,6075.0,72093,,,1
Puerto Rico,Maricao Municipio,2019,14.5,6075.0,72093,,,0
Puerto Rico,Maunabo Municipio,2019,14.5,10770.0,72095,,,1
Puerto Rico,Maunabo Municipio,2019,14.5,10770.0,72095,,,0
Puerto Rico,Mayagez Municipio,2019,14.5,74251.0,72097,,,1
Puerto Rico,Mayagez Municipio,2019,14.5,74251.0,72097,,,0
Puerto Rico,Moca Municipio,2019,14.5,35982.0,72099,,,1
Puerto Rico,Moca Municipio,2019,14.5,35982.0,72099,,,0
Puerto Rico,Morovis Municipio,2019,14.5,30880.0,72101,,,1
Puerto Rico,Morovis Municipio,2019,14.5,30880.0,72101,,,0
Puerto Rico,Naguabo Municipio,2019,14.5,25982.0,72103,,,1
Puerto Rico,Naguabo Municipio,2019,14.5,25982.0,72103,,,0
Puerto Rico,Naranjito Municipio,2019,14.5,28056.0,72105,,,1
Puerto Rico,Naranjito Municipio,2019,14.5,28056.0,72105,,,0
Puerto Rico,Orocovis Municipio,2019,14.5,20876.0,72107,,,1
Puerto Rico,Orocovis Municipio,2019,14.5,20876.0,72107,,,0
Puerto Rico,Patillas Municipio,2019,14.5,16929.0,72109,,,1
Puerto Rico,Patillas Municipio,2019,14.5,16929.0,72109,,,0
Puerto Rico,Peuelas Municipio,2019,14.5,20340.0,72111,,,1
Puerto Rico,Peuelas Municipio,2019,14.5,20340.0,72111,,,0
Puerto Rico,Ponce Municipio,2019,14.5,136683.0,72113,,,1
Puerto Rico,Ponce Municipio,2019,14.5,136683.0,72113,,,0
Puerto Rico,Quebradillas Municipio,2019,14.5,23585.0,72115,,,1
Puerto Rico,Quebradillas Municipio,2019,14.5,23585.0,72115,,,0
Puerto Rico,Rincn Municipio,2019,14.5,14013.0,72117,,,1
Puerto Rico,Rincn Municipio,2019,14.5,14013.0,72117,,,0
Puerto Rico,Ro Grande Municipio,2019,14.5,49068.0,72119,,,1
Puerto Rico,Ro Grande Municipio,2019,14.5,49068.0,72119,,,0
Puerto Rico,Sabana Grande Municipio,2019,14.5,22443.0,72121,,,1
Puerto Rico,Sabana Grande Municipio,2019,14.5,22443.0,72121,,,0
Puerto Rico,Salinas Municipio,2019,14.5,28017.0,72123,,,1
Puerto Rico,Salinas Municipio,2019,14.5,28017.0,72123,,,0
Puerto Rico,San Germn Municipio,2019,14.5,30725.0,72125,,,1
Puerto Rico,San Germn Municipio,2019,14.5,30725.0,72125,,,0
Puerto Rico,San Juan Municipio,2019,14.5,330713.0,72127,,,1
Puerto Rico,San Juan Municipio,2019,14.5,330713.0,72127,,,0
Puerto Rico,San Lorenzo Municipio,2019,14.5,37153.0,72129,,,1
Puerto Rico,San Lorenzo Municipio,2019,14.5,37153.0,72129,,,0
Puerto Rico,San Sebastin Municipio,2019,14.5,36991.0,72131,,,1
Puerto Rico,San Sebastin Municipio,2019,14.5,36991.0,72131,,,0
Puerto Rico,Santa Isabel Municipio,2019,14.5,21757.0,72133,,,1
Puerto Rico,Santa Isabel Municipio,2019,14.5,21757.0,72133,,,0
Puerto Rico,Toa Alta Municipio,2019,14.5,72695.0,72135,,,1
Puerto Rico,Toa Alta Municipio,2019,14.5,72695.0,72135,,,0
Puerto Rico,Toa Baja Municipio,2019,14.5,77514.0,72137,,,1
Puerto Rico,Toa Baja Municipio,2019,14.5,77514.0,72137,,,0
Puerto Rico,Trujillo Alto Municipio,2019,14.5,66049.0,72139,,,1
Puerto Rico,Trujillo Alto Municipio,2019,14.5,66049.0,72139,,,0
Puerto Rico,Utuado Municipio,2019,14.5,28622.0,72141,,,1
Puerto Rico,Utuado Municipio,2019,14.5,28622.0,72141,,,0
Puerto Rico,Vega Alta Municipio,2019,14.5,36526.0,72143,,,1
Puerto Rico,Vega Alta Municipio,2019,14.5,36526.0,72143,,,0
Puerto Rico,Vega Baja Municipio,2019,14.5,51983.0,72145,,,1
Puerto Rico,Vega Baja Municipio,2019,14.5,51983.0,72145,,,0
Puerto Rico,Vieques Municipio,2019,14.5,8603.0,72147,,,1
Puerto Rico,Vieques Municipio,2019,14.5,8603.0,72147,,,0
Puerto Rico,Villalba Municipio,2019,14.5,22263.0,72149,,,1
Puerto Rico,Villalba Municipio,2019,14.5,22263.0,72149,,,0
Puerto Rico,Yabucoa Municipio,2019,14.5,33446.0,72151,,,1
Puerto Rico,Yabucoa Municipio,2019,14.5,33446.0,72151,,,0
Puerto Rico,Yauco Municipio,2019,14.5,35228.0,72153,,,1
Puerto Rico,Yauco Municipio,2019,14.5,35228.0,72153,,,0
Texas,Anderson,2019,13.0,44348.0,48001,,,1
Texas,Anderson,2019,13.0,44348.0,48001,,,0
Texas,Andrews,2019,13.0,17927.0,48003,,,1
Texas,Andrews,2019,13.0,17927.0,48003,,,0
Texas,Angelina,2019,13.0,84680.0,48005,,,1
Texas,Angelina,2019,13.0,84680.0,48005,,,0
Texas,Aransas,2019,13.0,24070.0,48007,,,1
Texas,Aransas,2019,13.0,24070.0,48007,,,0
Texas,Archer,2019,13.0,8647.0,48009,,,1
Texas,Archer,2019,13.0,8647.0,48009,,,0
Texas,Armstrong,2019,13.0,1900.0,48011,,,1
Texas,Armstrong,2019,13.0,1900.0,48011,,,0
Texas,Atascosa,2019,13.0,48704.0,48013,,,1
Texas,Atascosa,2019,13.0,48704.0,48013,,,0
Texas,Austin,2019,13.0,29491.0,48015,,,1
Texas,Austin,2019,13.0,29491.0,48015,,,0
Texas,Bailey,2019,13.0,6743.0,48017,,,1
Texas,Bailey,2019,13.0,6743.0,48017,,,0
Texas,Bandera,2019,13.0,21998.0,48019,,,1
Texas,Bandera,2019,13.0,21998.0,48019,,,0
Texas,Bastrop,2019,13.0,82161.0,48021,,,1
Texas,Bastrop,2019,13.0,82161.0,48021,,,0
Texas,Baylor,2019,13.0,3461.0,48023,,,1
Texas,Baylor,2019,13.0,3461.0,48023,,,0
Texas,Bee,2019,13.0,24846.0,48025,,,1
Texas,Bee,2019,13.0,24846.0,48025,,,0
Texas,Bell,2019,13.0,337083.0,48027,,,1
Texas,Bell,2019,13.0,337083.0,48027,,,0
Texas,Bexar,2019,13.0,1919412.0,48029,,,1
Texas,Bexar,2019,13.0,1919412.0,48029,,,0
Texas,Blanco,2019,13.0,11265.0,48031,,,1
Texas,Blanco,2019,13.0,11265.0,48031,,,0
Texas,Borden,2019,13.0,613.0,48033,,,1
Texas,Borden,2019,13.0,613.0,48033,,,0
Texas,Bosque,2019,13.0,17890.0,48035,,,1
Texas,Bosque,2019,13.0,17890.0,48035,,,0
Texas,Bowie,2019,13.0,87652.0,48037,,,1
Texas,Bowie,2019,13.0,87652.0,48037,,,0
Texas,Brazoria,2019,13.0,348507.0,48039,,,1
Texas,Brazoria,2019,13.0,348507.0,48039,,,0
Texas,Brazos,2019,13.0,207176.0,48041,,,1
Texas,Brazos,2019,13.0,207176.0,48041,,,0
Texas,Brewster,2019,13.0,8987.0,48043,,,1
Texas,Brewster,2019,13.0,8987.0,48043,,,0
Texas,Briscoe,2019,13.0,1427.0,48045,,,1
Texas,Briscoe,2019,13.0,1427.0,48045,,,0
Texas,Brooks,2019,13.0,6573.0,48047,,,1
Texas,Brooks,2019,13.0,6573.0,48047,,,0
Texas,Brown,2019,13.0,36136.0,48049,,,1
Texas,Brown,2019,13.0,36136.0,48049,,,0
Texas,Burleson,2019,13.0,17771.0,48051,,,1
Texas,Burleson,2019,13.0,17771.0,48051,,,0
Texas,Burnet,2019,13.0,45910.0,48053,,,1
Texas,Burnet,2019,13.0,45910.0,48053,,,0
Texas,Caldwell,2019,13.0,39956.0,48055,,,1
Texas,Caldwell,2019,13.0,39956.0,48055,,,0
Texas,Calhoun,2019,13.0,21351.0,48057,,,1
Texas,Calhoun,2019,13.0,21351.0,48057,,,0
Texas,Callahan,2019,13.0,13707.0,48059,,,1
Texas,Callahan,2019,13.0,13707.0,48059,,,0
Texas,Cameron,2019,13.0,418195.0,48061,,,1
Texas,Cameron,2019,13.0,418195.0,48061,,,0
Texas,Camp,2019,13.0,12815.0,48063,,,1
Texas,Camp,2019,13.0,12815.0,48063,,,0
Texas,Carson,2019,13.0,5937.0,48065,,,1
Texas,Carson,2019,13.0,5937.0,48065,,,0
Texas,Cass,2019,13.0,29558.0,48067,,,1
Texas,Cass,2019,13.0,29558.0,48067,,,0
Texas,Castro,2019,13.0,7580.0,48069,,,1
Texas,Castro,2019,13.0,7580.0,48069,,,0
Texas,Chambers,2019,13.0,40994.0,48071,,,1
Texas,Chambers,2019,13.0,40994.0,48071,,,0
Texas,Cherokee,2019,13.0,48713.0,48073,,,1
Texas,Cherokee,2019,13.0,48713.0,48073,,,0
Texas,Childress,2019,13.0,5738.0,48075,,,1
Texas,Childress,2019,13.0,5738.0,48075,,,0
Texas,Clay,2019,13.0,10285.0,48077,,,1
Texas,Clay,2019,13.0,10285.0,48077,,,0
Texas,Cochran,2019,13.0,2856.0,48079,,,1
Texas,Cochran,2019,13.0,2856.0,48079,,,0
Texas,Coke,2019,13.0,3173.0,48081,,,1
Texas,Coke,2019,13.0,3173.0,48081,,,0
Texas,Coleman,2019,13.0,8238.0,48083,,,1
Texas,Coleman,2019,13.0,8238.0,48083,,,0
Texas,Collin,2019,13.0,968592.0,48085,,,1
Texas,Collin,2019,13.0,968592.0,48085,,,0
Texas,Collingsworth,2019,13.0,2904.0,48087,,,1
Texas,Collingsworth,2019,13.0,2904.0,48087,,,0
Texas,Colorado,2019,13.0,20787.0,48089,,,1
Texas,Colorado,2019,13.0,20787.0,48089,,,0
Texas,Comal,2019,13.0,140476.0,48091,,,1
Texas,Comal,2019,13.0,140476.0,48091,,,0
Texas,Comanche,2019,13.0,13224.0,48093,,,1
Texas,Comanche,2019,13.0,13224.0,48093,,,0
Texas,Concho,2019,13.0,2195.0,48095,,,1
Texas,Concho,2019,13.0,2195.0,48095,,,0
Texas,Cooke,2019,13.0,39109.0,48097,,,1
Texas,Cooke,2019,13.0,39109.0,48097,,,0
Texas,Coryell,2019,13.0,60505.0,48099,,,1
Texas,Coryell,2019,13.0,60505.0,48099,,,0
Texas,Cottle,2019,13.0,1634.0,48101,,,1
Texas,Cottle,2019,13.0,1634.0,48101,,,0
Texas,Crane,2019,13.0,4684.0,48103,,,1
Texas,Crane,2019,13.0,4684.0,48103,,,0
Texas,Crockett,2019,13.0,3418.0,48105,,,1
Texas,Crockett,2019,13.0,3418.0,48105,,,0
Texas,Crosby,2019,13.0,5758.0,48107,,,1
Texas,Crosby,2019,13.0,5758.0,48107,,,0
Texas,Culberson,2019,13.0,2208.0,48109,,,1
Texas,Culberson,2019,13.0,2208.0,48109,,,0
Texas,Dallam,2019,13.0,7163.0,48111,,,1
Texas,Dallam,2019,13.0,7163.0,48111,,,0
Texas,Dallas,2019,13.0,2577160.0,48113,,,1
Texas,Dallas,2019,13.0,2577160.0,48113,,,0
Texas,Dawson,2019,13.0,10950.0,48115,,,1
Texas,Dawson,2019,13.0,10950.0,48115,,,0
Texas,Deaf Smith,2019,13.0,18461.0,48117,,,1
Texas,Deaf Smith,2019,13.0,18461.0,48117,,,0
Texas,Delta,2019,13.0,5183.0,48119,,,1
Texas,Delta,2019,13.0,5183.0,48119,,,0
Texas,Denton,2019,13.0,820627.0,48121,,,1
Texas,Denton,2019,13.0,820627.0,48121,,,0
Texas,Dewitt,2019,13.0,18395.0,48123,,,1
Texas,Dewitt,2019,13.0,18395.0,48123,,,0
Texas,Dickens,2019,13.0,2083.0,48125,,,1
Texas,Dickens,2019,13.0,2083.0,48125,,,0
Texas,Dimmit,2019,13.0,10326.0,48127,,,1
Texas,Dimmit,2019,13.0,10326.0,48127,,,0
Texas,Donley,2019,13.0,3031.0,48129,,,1
Texas,Donley,2019,13.0,3031.0,48129,,,0
Texas,Duval,2019,13.0,10647.0,48131,,,1
Texas,Duval,2019,13.0,10647.0,48131,,,0
Texas,Eastland,2019,13.0,17311.0,48133,,,1
Texas,Eastland,2019,13.0,17311.0,48133,,,0
Texas,Ector,2019,13.0,158804.0,48135,,,1
Texas,Ector,2019,13.0,158804.0,48135,,,0
Texas,Edwards,2019,13.0,1906.0,48137,,,1
Texas,Edwards,2019,13.0,1906.0,48137,,,0
Texas,El Paso,2019,13.0,820912.0,48141,,,1
Texas,El Paso,2019,13.0,820912.0,48141,,,0
Texas,Ellis,2019,13.0,171471.0,48139,,,1
Texas,Ellis,2019,13.0,171471.0,48139,,,0
Texas,Erath,2019,13.0,39761.0,48143,,,1
Texas,Erath,2019,13.0,39761.0,48143,,,0
Texas,Falls,2019,13.0,15536.0,48145,,,1
Texas,Falls,2019,13.0,15536.0,48145,,,0
Texas,Fannin,2019,13.0,31577.0,48147,,,1
Texas,Fannin,2019,13.0,31577.0,48147,,,0
Texas,Fayette,2019,13.0,24704.0,48149,,,1
Texas,Fayette,2019,13.0,24704.0,48149,,,0
Texas,Fisher,2019,13.0,3820.0,48151,,,1
Texas,Fisher,2019,13.0,3820.0,48151,,,0
Texas,Floyd,2019,13.0,5756.0,48153,,,1
Texas,Floyd,2019,13.0,5756.0,48153,,,0
Texas,Foard,2019,13.0,1239.0,48155,,,1
Texas,Foard,2019,13.0,1239.0,48155,,,0
Texas,Fort Bend,2019,13.0,759272.0,48157,,,1
Texas,Fort Bend,2019,13.0,759272.0,48157,,,0
Texas,Franklin,2019,13.0,10613.0,48159,,,1
Texas,Franklin,2019,13.0,10613.0,48159,,,0
Texas,Freestone,2019,13.0,18054.0,48161,,,1
Texas,Freestone,2019,13.0,18054.0,48161,,,0
Texas,Frio,2019,13.0,15557.0,48163,,,1
Texas,Frio,2019,13.0,15557.0,48163,,,0
Texas,Gaines,2019,13.0,20597.0,48165,,,1
Texas,Gaines,2019,13.0,20597.0,48165,,,0
Texas,Galveston,2019,13.0,326347.0,48167,,,1
Texas,Galveston,2019,13.0,326347.0,48167,,,0
Texas,Garza,2019,13.0,4208.0,48169,,,1
Texas,Garza,2019,13.0,4208.0,48169,,,0
Texas,Gillespie,2019,13.0,26082.0,48171,,,1
Texas,Gillespie,2019,13.0,26082.0,48171,,,0
Texas,Glasscock,2019,13.0,1510.0,48173,,,1
Texas,Glasscock,2019,13.0,1510.0,48173,,,0
Texas,Goliad,2019,13.0,7454.0,48175,,,1
Texas,Goliad,2019,13.0,7454.0,48175,,,0
Texas,Gonzales,2019,13.0,20443.0,48177,,,1
Texas,Gonzales,2019,13.0,20443.0,48177,,,0
Texas,Gray,2019,13.0,20693.0,48179,,,1
Texas,Gray,2019,13.0,20693.0,48179,,,0
Texas,Grayson,2019,13.0,128315.0,48181,,,1
Texas,Grayson,2019,13.0,128315.0,48181,,,0
Texas,Gregg,2019,13.0,119353.0,48183,,,1
Texas,Gregg,2019,13.0,119353.0,48183,,,0
Texas,Grimes,2019,13.0,24360.0,48185,,,1
Texas,Grimes,2019,13.0,24360.0,48185,,,0
Texas,Guadalupe,2019,13.0,156942.0,48187,,,1
Texas,Guadalupe,2019,13.0,156942.0,48187,,,0
Texas,Hale,2019,13.0,31508.0,48189,,,1
Texas,Hale,2019,13.0,31508.0,48189,,,0
Texas,Hall,2019,13.0,2993.0,48191,,,1
Texas,Hall,2019,13.0,2993.0,48191,,,0
Texas,Hamilton,2019,13.0,8093.0,48193,,,1
Texas,Hamilton,2019,13.0,8093.0,48193,,,0
Texas,Hansford,2019,13.0,5445.0,48195,,,1
Texas,Hansford,2019,13.0,5445.0,48195,,,0
Texas,Hardeman,2019,13.0,3920.0,48197,,,1
Texas,Hardeman,2019,13.0,3920.0,48197,,,0
Texas,Hardin,2019,13.0,56068.0,48199,,,1
Texas,Hardin,2019,13.0,56068.0,48199,,,0
Texas,Harris,2019,13.0,4601170.0,48201,,,1
Texas,Harris,2019,13.0,4601170.0,48201,,,0
Texas,Harrison,2019,13.0,64974.0,48203,,,1
Texas,Harrison,2019,13.0,64974.0,48203,,,0
Texas,Hartley,2019,13.0,4120.0,48205,,,1
Texas,Hartley,2019,13.0,4120.0,48205,,,0
Texas,Haskell,2019,13.0,5262.0,48207,,,1
Texas,Haskell,2019,13.0,5262.0,48207,,,0
Texas,Hays,2019,13.0,205493.0,48209,,,1
Texas,Hays,2019,13.0,205493.0,48209,,,0
Texas,Hemphill,2019,13.0,3958.0,48211,,,1
Texas,Hemphill,2019,13.0,3958.0,48211,,,0
Texas,Henderson,2019,13.0,79575.0,48213,,,1
Texas,Henderson,2019,13.0,79575.0,48213,,,0
Texas,Hidalgo,2019,13.0,844950.0,48215,,,1
Texas,Hidalgo,2019,13.0,844950.0,48215,,,0
Texas,Hill,2019,13.0,34636.0,48217,,,1
Texas,Hill,2019,13.0,34636.0,48217,,,0
Texas,Hockley,2019,13.0,22206.0,48219,,,1
Texas,Hockley,2019,13.0,22206.0,48219,,,0
Texas,Hood,2019,13.0,57594.0,48221,,,1
Texas,Hood,2019,13.0,57594.0,48221,,,0
Texas,Hopkins,2019,13.0,35842.0,48223,,,1
Texas,Hopkins,2019,13.0,35842.0,48223,,,0
Texas,Houston,2019,13.0,19768.0,48225,,,1
Texas,Houston,2019,13.0,19768.0,48225,,,0
Texas,Howard,2019,13.0,31555.0,48227,,,1
Texas,Howard,2019,13.0,31555.0,48227,,,0
Texas,Hudspeth,2019,13.0,3624.0,48229,,,1
Texas,Hudspeth,2019,13.0,3624.0,48229,,,0
Texas,Hunt,2019,13.0,91378.0,48231,,,1
Texas,Hunt,2019,13.0,91378.0,48231,,,0
Texas,Hutchinson,2019,13.0,21180.0,48233,,,1
Texas,Hutchinson,2019,13.0,21180.0,48233,,,0
Texas,Irion,2019,13.0,1620.0,48235,,,1
Texas,Irion,2019,13.0,1620.0,48235,,,0
Texas,Jack,2019,13.0,7695.0,48237,,,1
Texas,Jack,2019,13.0,7695.0,48237,,,0
Texas,Jackson,2019,13.0,14494.0,48239,,,1
Texas,Jackson,2019,13.0,14494.0,48239,,,0
Texas,Jasper,2019,13.0,34449.0,48241,,,1
Texas,Jasper,2019,13.0,34449.0,48241,,,0
Texas,Jeff Davis,2019,13.0,2177.0,48243,,,1
Texas,Jeff Davis,2019,13.0,2177.0,48243,,,0
Texas,Jefferson,2019,13.0,237578.0,48245,,,1
Texas,Jefferson,2019,13.0,237578.0,48245,,,0
Texas,Jim Hogg,2019,13.0,5148.0,48247,,,1
Texas,Jim Hogg,2019,13.0,5148.0,48247,,,0
Texas,Jim Wells,2019,13.0,40463.0,48249,,,1
Texas,Jim Wells,2019,13.0,40463.0,48249,,,0
Texas,Johnson,2019,13.0,164022.0,48251,,,1
Texas,Johnson,2019,13.0,164022.0,48251,,,0
Texas,Jones,2019,13.0,12753.0,48253,,,1
Texas,Jones,2019,13.0,12753.0,48253,,,0
Texas,Karnes,2019,13.0,12432.0,48255,,,1
Texas,Karnes,2019,13.0,12432.0,48255,,,0
Texas,Kaufman,2019,13.0,122078.0,48257,,,1
Texas,Kaufman,2019,13.0,122078.0,48257,,,0
Texas,Kendall,2019,13.0,43212.0,48259,,,1
Texas,Kendall,2019,13.0,43212.0,48259,,,0
Texas,Kenedy,2019,13.0,568.0,48261,,,1
Texas,Kenedy,2019,13.0,568.0,48261,,,0
Texas,Kent,2019,13.0,601.0,48263,,,1
Texas,Kent,2019,13.0,601.0,48263,,,0
Texas,Kerr,2019,13.0,50232.0,48265,,,1
Texas,Kerr,2019,13.0,50232.0,48265,,,0
Texas,Kimble,2019,13.0,4330.0,48267,,,1
Texas,Kimble,2019,13.0,4330.0,48267,,,0
Texas,King,2019,13.0,237.0,48269,,,1
Texas,King,2019,13.0,237.0,48269,,,0
Texas,Kinney,2019,13.0,3404.0,48271,,,1
Texas,Kinney,2019,13.0,3404.0,48271,,,0
Texas,Kleberg,2019,13.0,29084.0,48273,,,1
Texas,Kleberg,2019,13.0,29084.0,48273,,,0
Texas,Knox,2019,13.0,3571.0,48275,,,1
Texas,Knox,2019,13.0,3571.0,48275,,,0
Texas,La Salle,2019,13.0,6460.0,48283,,,1
Texas,La Salle,2019,13.0,6460.0,48283,,,0
Texas,Lamar,2019,13.0,48911.0,48277,,,1
Texas,Lamar,2019,13.0,48911.0,48277,,,0
Texas,Lamb,2019,13.0,12899.0,48279,,,1
Texas,Lamb,2019,13.0,12899.0,48279,,,0
Texas,Lampasas,2019,13.0,20605.0,48281,,,1
Texas,Lampasas,2019,13.0,20605.0,48281,,,0
Texas,Lavaca,2019,13.0,19546.0,48285,,,1
Texas,Lavaca,2019,13.0,19546.0,48285,,,0
Texas,Lee,2019,13.0,16596.0,48287,,,1
Texas,Lee,2019,13.0,16596.0,48287,,,0
Texas,Leon,2019,13.0,17129.0,48289,,,1
Texas,Leon,2019,13.0,17129.0,48289,,,0
Texas,Liberty,2019,13.0,75950.0,48291,,,1
Texas,Liberty,2019,13.0,75950.0,48291,,,0
Texas,Limestone,2019,13.0,22572.0,48293,,,1
Texas,Limestone,2019,13.0,22572.0,48293,,,0
Texas,Lipscomb,2019,13.0,3320.0,48295,,,1
Texas,Lipscomb,2019,13.0,3320.0,48295,,,0
Texas,Live Oak,2019,13.0,10665.0,48297,,,1
Texas,Live Oak,2019,13.0,10665.0,48297,,,0
Texas,Llano,2019,13.0,20795.0,48299,,,1
Texas,Llano,2019,13.0,20795.0,48299,,,0
Texas,Loving,2019,13.0,98.0,48301,,,1
Texas,Loving,2019,13.0,98.0,48301,,,0
Texas,Lubbock,2019,13.0,292392.0,48303,,,1
Texas,Lubbock,2019,13.0,292392.0,48303,,,0
Texas,Lynn,2019,13.0,5775.0,48305,,,1
Texas,Lynn,2019,13.0,5775.0,48305,,,0
Texas,Madison,2019,13.0,10964.0,48313,,,1
Texas,Madison,2019,13.0,10964.0,48313,,,0
Texas,Marion,2019,13.0,9906.0,48315,,,1
Texas,Marion,2019,13.0,9906.0,48315,,,0
Texas,Martin,2019,13.0,5589.0,48317,,,1
Texas,Martin,2019,13.0,5589.0,48317,,,0
Texas,Mason,2019,13.0,4176.0,48319,,,1
Texas,Mason,2019,13.0,4176.0,48319,,,0
Texas,Matagorda,2019,13.0,36334.0,48321,,,1
Texas,Matagorda,2019,13.0,36334.0,48321,,,0
Texas,Maverick,2019,13.0,57972.0,48323,,,1
Texas,Maverick,2019,13.0,57972.0,48323,,,0
Texas,Mcculloch,2019,13.0,7845.0,48307,,,1
Texas,Mcculloch,2019,13.0,7845.0,48307,,,0
Texas,Mclennan,2019,13.0,241276.0,48309,,,1
Texas,Mclennan,2019,13.0,241276.0,48309,,,0
Texas,Mcmullen,2019,13.0,774.0,48311,,,1
Texas,Mcmullen,2019,13.0,774.0,48311,,,0
Texas,Medina,2019,13.0,47552.0,48325,,,1
Texas,Medina,2019,13.0,47552.0,48325,,,0
Texas,Menard,2019,13.0,2074.0,48327,,,1
Texas,Menard,2019,13.0,2074.0,48327,,,0
Texas,Midland,2019,13.0,166097.0,48329,,,1
Texas,Midland,2019,13.0,166097.0,48329,,,0
Texas,Milam,2019,13.0,24237.0,48331,,,1
Texas,Milam,2019,13.0,24237.0,48331,,,0
Texas,Mills,2019,13.0,4706.0,48333,,,1
Texas,Mills,2019,13.0,4706.0,48333,,,0
Texas,Mitchell,2019,13.0,6320.0,48335,,,1
Texas,Mitchell,2019,13.0,6320.0,48335,,,0
Texas,Montague,2019,13.0,19143.0,48337,,,1
Texas,Montague,2019,13.0,19143.0,48337,,,0
Texas,Montgomery,2019,13.0,568523.0,48339,,,1
Texas,Montgomery,2019,13.0,568523.0,48339,,,0
Texas,Moore,2019,13.0,21148.0,48341,,,1
Texas,Moore,2019,13.0,21148.0,48341,,,0
Texas,Morris,2019,13.0,12210.0,48343,,,1
Texas,Morris,2019,13.0,12210.0,48343,,,0
Texas,Motley,2019,13.0,1252.0,48345,,,1
Texas,Motley,2019,13.0,1252.0,48345,,,0
Texas,Nacogdoches,2019,13.0,59750.0,48347,,,1
Texas,Nacogdoches,2019,13.0,59750.0,48347,,,0
Texas,Navarro,2019,13.0,48041.0,48349,,,1
Texas,Navarro,2019,13.0,48041.0,48349,,,0
Texas,Newton,2019,13.0,13743.0,48351,,,1
Texas,Newton,2019,13.0,13743.0,48351,,,0
Texas,Nolan,2019,13.0,14623.0,48353,,,1
Texas,Nolan,2019,13.0,14623.0,48353,,,0
Texas,Nueces,2019,13.0,353228.0,48355,,,1
Texas,Nueces,2019,13.0,353228.0,48355,,,0
Texas,Ochiltree,2019,13.0,10029.0,48357,,,1
Texas,Ochiltree,2019,13.0,10029.0,48357,,,0
Texas,Oldham,2019,13.0,1669.0,48359,,,1
Texas,Oldham,2019,13.0,1669.0,48359,,,0
Texas,Orange,2019,13.0,82867.0,48361,,,1
Texas,Orange,2019,13.0,82867.0,48361,,,0
Texas,Palo Pinto,2019,13.0,28153.0,48363,,,1
Texas,Palo Pinto,2019,13.0,28153.0,48363,,,0
Texas,Panola,2019,13.0,22779.0,48365,,,1
Texas,Panola,2019,13.0,22779.0,48365,,,0
Texas,Parker,2019,13.0,131923.0,48367,,,1
Texas,Parker,2019,13.0,131923.0,48367,,,0
Texas,Parmer,2019,13.0,9643.0,48369,,,1
Texas,Parmer,2019,13.0,9643.0,48369,,,0
Texas,Pecos,2019,13.0,13490.0,48371,,,1
Texas,Pecos,2019,13.0,13490.0,48371,,,0
Texas,Polk,2019,13.0,45305.0,48373,,,1
Texas,Polk,2019,13.0,45305.0,48373,,,0
Texas,Potter,2019,13.0,112681.0,48375,,,1
Texas,Potter,2019,13.0,112681.0,48375,,,0
Texas,Presidio,2019,13.0,6970.0,48377,,,1
Texas,Presidio,2019,13.0,6970.0,48377,,,0
Texas,Rains,2019,13.0,11669.0,48379,,,1
Texas,Rains,2019,13.0,11669.0,48379,,,0
Texas,Randall,2019,13.0,131196.0,48381,,,1
Texas,Randall,2019,13.0,131196.0,48381,,,0
Texas,Reagan,2019,13.0,3731.0,48383,,,1
Texas,Reagan,2019,13.0,3731.0,48383,,,0
Texas,Real,2019,13.0,3156.0,48385,,,1
Texas,Real,2019,13.0,3156.0,48385,,,0
Texas,Red River,2019,13.0,11969.0,48387,,,1
Texas,Red River,2019,13.0,11969.0,48387,,,0
Texas,Reeves,2019,13.0,13512.0,48389,,,1
Texas,Reeves,2019,13.0,13512.0,48389,,,0
Texas,Refugio,2019,13.0,6969.0,48391,,,1
Texas,Refugio,2019,13.0,6969.0,48391,,,0
Texas,Roberts,2019,13.0,791.0,48393,,,1
Texas,Roberts,2019,13.0,791.0,48393,,,0
Texas,Robertson,2019,13.0,16786.0,48395,,,1
Texas,Robertson,2019,13.0,16786.0,48395,,,0
Texas,Rockwall,2019,13.0,96447.0,48397,,,1
Texas,Rockwall,2019,13.0,96447.0,48397,,,0
Texas,Runnels,2019,13.0,9936.0,48399,,,1
Texas,Runnels,2019,13.0,9936.0,48399,,,0
Texas,Rusk,2019,13.0,48705.0,48401,,,1
Texas,Rusk,2019,13.0,48705.0,48401,,,0
Texas,Sabine,2019,13.0,10326.0,48403,,,1
Texas,Sabine,2019,13.0,10326.0,48403,,,0
Texas,San Augustine,2019,13.0,8044.0,48405,,,1
Texas,San Augustine,2019,13.0,8044.0,48405,,,0
Texas,San Jacinto,2019,13.0,27895.0,48407,,,1
Texas,San Jacinto,2019,13.0,27895.0,48407,,,0
Texas,San Patricio,2019,13.0,66137.0,48409,,,1
Texas,San Patricio,2019,13.0,66137.0,48409,,,0
Texas,San Saba,2019,13.0,5308.0,48411,,,1
Texas,San Saba,2019,13.0,5308.0,48411,,,0
Texas,Schleicher,2019,13.0,2983.0,48413,,,1
Texas,Schleicher,2019,13.0,2983.0,48413,,,0
Texas,Scurry,2019,13.0,15087.0,48415,,,1
Texas,Scurry,2019,13.0,15087.0,48415,,,0
Texas,Shackelford,2019,13.0,3270.0,48417,,,1
Texas,Shackelford,2019,13.0,3270.0,48417,,,0
Texas,Shelby,2019,13.0,25111.0,48419,,,1
Texas,Shelby,2019,13.0,25111.0,48419,,,0
Texas,Sherman,2019,13.0,3022.0,48421,,,1
Texas,Sherman,2019,13.0,3022.0,48421,,,0
Texas,Smith,2019,13.0,222154.0,48423,,,1
Texas,Smith,2019,13.0,222154.0,48423,,,0
Texas,Somervell,2019,13.0,8623.0,48425,,,1
Texas,Somervell,2019,13.0,8623.0,48425,,,0
Texas,Starr,2019,13.0,63419.0,48427,,,1
Texas,Starr,2019,13.0,63419.0,48427,,,0
Texas,Stephens,2019,13.0,8910.0,48429,,,1
Texas,Stephens,2019,13.0,8910.0,48429,,,0
Texas,Sterling,2019,13.0,1194.0,48431,,,1
Texas,Sterling,2019,13.0,1194.0,48431,,,0
Texas,Stonewall,2019,13.0,1422.0,48433,,,1
Texas,Stonewall,2019,13.0,1422.0,48433,,,0
Texas,Sutton,2019,13.0,3807.0,48435,,,1
Texas,Sutton,2019,13.0,3807.0,48435,,,0
Texas,Swisher,2019,13.0,6783.0,48437,,,1
Texas,Swisher,2019,13.0,6783.0,48437,,,0
Texas,Tarrant,2019,13.0,2023452.0,48439,,,1
Texas,Tarrant,2019,13.0,2023452.0,48439,,,0
Texas,Taylor,2019,13.0,130580.0,48441,,,1
Texas,Taylor,2019,13.0,130580.0,48441,,,0
Texas,Terrell,2019,13.0,896.0,48443,,,1
Texas,Terrell,2019,13.0,896.0,48443,,,0
Texas,Terry,2019,13.0,11511.0,48445,,,1
Texas,Terry,2019,13.0,11511.0,48445,,,0
Texas,Throckmorton,2019,13.0,1432.0,48447,,,1
Texas,Throckmorton,2019,13.0,1432.0,48447,,,0
Texas,Titus,2019,13.0,32241.0,48449,,,1
Texas,Titus,2019,13.0,32241.0,48449,,,0
Texas,Tom Green,2019,13.0,112042.0,48451,,,1
Texas,Tom Green,2019,13.0,112042.0,48451,,,0
Texas,Travis,2019,13.0,1201757.0,48453,,,1
Texas,Travis,2019,13.0,1201757.0,48453,,,0
Texas,Trinity,2019,13.0,14449.0,48455,,,1
Texas,Trinity,2019,13.0,14449.0,48455,,,0
Texas,Tyler,2019,13.0,18844.0,48457,,,1
Texas,Tyler,2019,13.0,18844.0,48457,,,0
Texas,Upshur,2019,13.0,40377.0,48459,,,1
Texas,Upshur,2019,13.0,40377.0,48459,,,0
Texas,Upton,2019,13.0,3591.0,48461,,,1
Texas,Upton,2019,13.0,3591.0,48461,,,0
Texas,Uvalde,2019,13.0,26410.0,48463,,,1
Texas,Uvalde,2019,13.0,26410.0,48463,,,0
Texas,Val Verde,2019,13.0,46976.0,48465,,,1
Texas,Val Verde,2019,13.0,46976.0,48465,,,0
Texas,Van Zandt,2019,13.0,54084.0,48467,,,1
Texas,Van Zandt,2019,13.0,54084.0,48467,,,0
Texas,Victoria,2019,13.0,90586.0,48469,,,1
Texas,Victoria,2019,13.0,90586.0,48469,,,0
Texas,Walker,2019,13.0,55013.0,48471,,,1
Texas,Walker,2019,13.0,55013.0,48471,,,0
Texas,Waller,2019,13.0,47386.0,48473,,,1
Texas,Waller,2019,13.0,47386.0,48473,,,0
Texas,Ward,2019,13.0,11552.0,48475,,,1
Texas,Ward,2019,13.0,11552.0,48475,,,0
Texas,Washington,2019,13.0,32923.0,48477,,,1
Texas,Washington,2019,13.0,32923.0,48477,,,0
Texas,Webb,2019,13.0,270104.0,48479,,,1
Texas,Webb,2019,13.0,270104.0,48479,,,0
Texas,Wharton,2019,13.0,40992.0,48481,,,1
Texas,Wharton,2019,13.0,40992.0,48481,,,0
Texas,Wheeler,2019,13.0,5275.0,48483,,,1
Texas,Wheeler,2019,13.0,5275.0,48483,,,0
Texas,Wichita,2019,13.0,116584.0,48485,,,1
Texas,Wichita,2019,13.0,116584.0,48485,,,0
Texas,Wilbarger,2019,13.0,12447.0,48487,,,1
Texas,Wilbarger,2019,13.0,12447.0,48487,,,0
Texas,Willacy,2019,13.0,20275.0,48489,,,1
Texas,Willacy,2019,13.0,20275.0,48489,,,0
Texas,Williamson,2019,13.0,542471.0,48491,,,1
Texas,Williamson,2019,13.0,542471.0,48491,,,0
Texas,Wilson,2019,13.0,48484.0,48493,,,1
Texas,Wilson,2019,13.0,48484.0,48493,,,0
Texas,Winkler,2019,13.0,7767.0,48495,,,1
Texas,Winkler,2019,13.0,7767.0,48495,,,0
Texas,Wise,2019,13.0,65110.0,48497,,,1
Texas,Wise,2019,13.0,65110.0,48497,,,0
Texas,Wood,2019,13.0,42759.0,48499,,,1
Texas,Wood,2019,13.0,42759.0,48499,,,0
Texas,Yoakum,2019,13.0,8631.0,48501,,,1
Texas,Yoakum,2019,13.0,8631.0,48501,,,0
Texas,Young,2019,13.0,17715.0,48503,,,1
Texas,Young,2019,13.0,17715.0,48503,,,0
Texas,Zapata,2019,13.0,14149.0,48505,,,1
Texas,Zapata,2019,13.0,14149.0,48505,,,0
Texas,Zavala,2019,13.0,11875.0,48507,,,1
Texas,Zavala,2019,13.0,11875.0,48507,,,0
Utah,Beaver,2020,7.2,6445.0,49001,,,1
Utah,Beaver,2020,7.2,6445.0,49001,,,0
Utah,Box Elder,2020,7.2,53551.0,49003,,,1
Utah,Box Elder,2020,7.2,53551.0,49003,,,0
Utah,Cache,2020,7.2,121273.0,49005,,,1
Utah,Cache,2020,7.2,121273.0,49005,,,0
Utah,Carbon,2020,7.2,19957.0,49007,,,1
Utah,Carbon,2020,7.2,19957.0,49007,,,0
Utah,Daggett,2020,7.2,517.0,49009,,,1
Utah,Daggett,2020,7.2,517.0,49009,,,0
Utah,Davis,2020,7.2,343234.0,49011,,,1
Utah,Davis,2020,7.2,343234.0,49011,,,0
Utah,Duchesne,2020,7.2,19741.0,49013,,,1
Utah,Duchesne,2020,7.2,19741.0,49013,,,0
Utah,Emery,2020,7.2,10047.0,49015,,,1
Utah,Emery,2020,7.2,10047.0,49015,,,0
Utah,Garfield,2020,7.2,4794.0,49017,,,1
Utah,Garfield,2020,7.2,4794.0,49017,,,0
Utah,Grand,2020,7.2,9479.0,49019,,,1
Utah,Grand,2020,7.2,9479.0,49019,,,0
Utah,Iron,2020,7.2,50642.0,49021,,,1
Utah,Iron,2020,7.2,50642.0,49021,,,0
Utah,Juab,2020,7.2,11148.0,49023,,,1
Utah,Juab,2020,7.2,11148.0,49023,,,0
Utah,Kane,2020,7.2,7372.0,49025,,,1
Utah,Kane,2020,7.2,7372.0,49025,,,0
Utah,Millard,2020,7.2,12717.0,49027,,,1
Utah,Millard,2020,7.2,12717.0,49027,,,0
Utah,Morgan,2020,7.2,11637.0,49029,,,1
Utah,Morgan,2020,7.2,11637.0,49029,,,0
Utah,Piute,2020,7.2,1831.0,49031,,,1
Utah,Piute,2020,7.2,1831.0,49031,,,0
Utah,Rich,2020,7.2,2384.0,49033,,,1
Utah,Rich,2020,7.2,2384.0,49033,,,0
Utah,Salt Lake,2020,7.2,1119075.0,49035,,,1
Utah,Salt Lake,2020,7.2,1119075.0,49035,,,0
Utah,San Juan,2020,7.2,14892.0,49037,,,1
Utah,San Juan,2020,7.2,14892.0,49037,,,0
Utah,Sanpete,2020,7.2,26937.0,49039,,,1
Utah,Sanpete,2020,7.2,26937.0,49039,,,0
Utah,Sevier,2020,7.2,20883.0,49041,,,1
Utah,Sevier,2020,7.2,20883.0,49041,,,0
Utah,Summit,2020,7.2,40911.0,49043,,,1
Utah,Summit,2020,7.2,40911.0,49043,,,0
Utah,Tooele,2020,7.2,66808.0,49045,,,1
Utah,Tooele,2020,7.2,66808.0,49045,,,0
Utah,Uintah,2020,7.2,35679.0,49047,,,1
Utah,Uintah,2020,7.2,35679.0,49047,,,0
Utah,Utah,2020,7.2,590617.0,49049,,,1
Utah,Utah,2020,7.2,590617.0,49049,,,0
Utah,Wasatch,2020,7.2,31438.0,49051,,,1
Utah,Wasatch,2020,7.2,31438.0,49051,,,0
Utah,Washington,2020,7.2,163692.0,49053,,,1
Utah,Washington,2020,7.2,163692.0,49053,,,0
Utah,Wayne,2020,7.2,2651.0,49055,,,1
Utah,Wayne,2020,7.2,2651.0,49055,,,0
Utah,Weber,2020,7.2,248519.0,49057,,,1
Utah,Weber,2020,7.2,248519.0,49057,,,0
Vermont,Addison,2021,9.3,33888.0,50001,,,1
Vermont,Addison,2021,9.3,33888.0,50001,,,0
Vermont,Bennington,2021,9.3,34357.0,50003,,,1
Vermont,Bennington,2021,9.3,34357.0,50003,,,0
Vermont,Caledonia,2021,9.3,29142.0,50005,,,1
Vermont,Caledonia,2021,9.3,29142.0,50005,,,0
Vermont,Chittenden,2021,9.3,152964.0,50007,,,1
Vermont,Chittenden,2021,9.3,152964.0,50007,,,0
Vermont,Essex,2021,9.3,6187.0,50009,,,1
Vermont,Essex,2021,9.3,6187.0,50009,,,0
Vermont,Franklin,2021,9.3,48644.0,50011,,,1
Vermont,Franklin,2021,9.3,48644.0,50011,,,0
Vermont,Grand Isle,2021,9.3,6978.0,50013,,,1
Vermont,Grand Isle,2021,9.3,6978.0,50013,,,0
Vermont,Lamoille,2021,9.3,24728.0,50015,,,1
Vermont,Lamoille,2021,9.3,24728.0,50015,,,0
Vermont,Orange,2021,9.3,28328.0,50017,,,1
Vermont,Orange,2021,9.3,28328.0,50017,,,0
Vermont,Orleans,2021,9.3,26053.0,50019,,,1
Vermont,Orleans,2021,9.3,26053.0,50019,,,0
Vermont,Rutland,2021,9.3,56785.0,50021,,,1
Vermont,Rutland,2021,9.3,56785.0,50021,,,0
Vermont,Washington,2021,9.3,56075.0,50023,,,1
Vermont,Washington,2021,9.3,56075.0,50023,,,0
Vermont,Windham,2021,9.3,41144.0,50025,,,1
Vermont,Windham,2021,9.3,41144.0,50025,,,0
Vermont,Windsor,2021,9.3,54345.0,50027,,,1
Vermont,Windsor,2021,9.3,54345.0,50027,,,0
